uid	sid	3
22	4092	cart
22	6271	cart
22	15983	cart
22	26329	cart
22	19836	cart
26	20456	cart
26	14205	cart
26	32123	cart
28	2758	cart
52	2315	cart
52	10101	cart
52	31394	cart
150	27994	cart
169	19923	cart
169	12309	cart
169	12372	cart
169	36523	cart
169	14479	cart
169	13877	cart
169	33541	cart
169	24050	cart
169	32281	cart
169	37047	cart
169	17856	cart
169	10876	cart
169	22345	cart
169	25142	cart
169	22619	cart
169	7087	cart
169	21071	cart
169	32723	cart
169	36813	cart
176	30662	cart
176	9720	cart
176	9469	cart
176	26564	cart
176	6138	cart
176	21536	cart
176	2032	cart
176	6214	cart
186	1627	cart
186	26689	cart
186	12264	cart
189	35546	cart
189	31294	cart
189	26165	cart
189	38562	cart
189	28404	cart
189	4170	cart
189	8880	cart
189	36467	cart
189	38367	cart
189	33803	cart
189	15816	cart
189	13042	cart
248	22648	cart
248	4423	cart
248	19801	cart
273	14529	cart
273	4734	cart
273	13541	cart
273	1358	cart
273	107	cart
273	29557	cart
273	38159	cart
303	5881	cart
303	107	cart
303	11172	cart
303	37325	cart
303	6103	cart
303	21777	cart
303	16580	cart
303	19057	cart
303	4052	cart
303	11036	cart
342	22606	cart
342	20436	cart
342	2277	cart
342	18270	cart
345	9563	cart
345	33034	cart
368	5144	cart
368	4595	cart
368	47	cart
368	29018	cart
368	20590	cart
368	33246	cart
368	22755	cart
417	1819	cart
417	3853	cart
417	37354	cart
422	18559	cart
422	17556	cart
422	31928	cart
422	17264	cart
422	4595	cart
422	29673	cart
422	38894	cart
430	10655	cart
430	1494	cart
430	7210	cart
430	5659	cart
430	7533	cart
432	20676	cart
432	34850	cart
432	25500	cart
432	553	cart
432	148	cart
432	107	cart
432	36284	cart
432	31579	cart
432	17236	cart
453	31032	cart
453	26375	cart
453	5575	cart
453	20593	cart
453	11039	cart
460	2881	cart
460	13098	cart
475	36396	cart
475	22152	cart
534	15594	cart
534	15303	cart
534	107	cart
534	10201	cart
534	13070	cart
534	30228	cart
534	35277	cart
537	366	cart
537	35821	cart
548	23680	cart
548	26761	cart
556	19480	cart
556	938	cart
556	33984	cart
556	10535	cart
587	38846	cart
587	32936	cart
587	34925	cart
587	32498	cart
587	31007	cart
587	20728	cart
587	1384	cart
587	20621	cart
587	15346	cart
587	19338	cart
587	8808	cart
602	32061	cart
602	35806	cart
610	1085	cart
610	3118	cart
618	22754	cart
618	21032	cart
618	36250	cart
618	8604	cart
618	21993	cart
618	14113	cart
618	1782	cart
618	14478	cart
618	13969	cart
618	13996	cart
633	10919	cart
633	15185	cart
633	2894	cart
637	9526	cart
637	14895	cart
637	4322	cart
637	31742	cart
637	16402	cart
637	30513	cart
637	1490	cart
637	149	cart
637	7487	cart
637	15615	cart
637	6367	cart
637	28682	cart
661	3640	cart
661	25833	cart
661	34080	cart
661	10835	cart
670	10991	cart
670	15106	cart
670	5813	cart
670	6982	cart
670	15622	cart
670	12072	cart
684	20122	cart
684	37786	cart
684	17236	cart
684	22221	cart
684	34925	cart
684	19763	cart
684	27002	cart
684	13710	cart
684	107	cart
684	17388	cart
684	15727	cart
684	15733	cart
684	33778	cart
684	12024	cart
684	10376	cart
684	24797	cart
684	5926	cart
684	14689	cart
684	11807	cart
684	31650	cart
684	17241	cart
684	25298	cart
684	30677	cart
684	24132	cart
684	2461	cart
684	16536	cart
694	31341	cart
694	19910	cart
694	16541	cart
694	32497	cart
694	31593	cart
694	10575	cart
694	33339	cart
708	36580	cart
726	29940	cart
742	23543	cart
742	29620	cart
742	17895	cart
742	19127	cart
742	22970	cart
751	28496	cart
751	35775	cart
751	7468	cart
751	22210	cart
763	13873	cart
763	24685	cart
763	11740	cart
763	36322	cart
763	5452	cart
763	14900	cart
763	16498	cart
763	10145	cart
763	37400	cart
763	9762	cart
763	22047	cart
763	34558	cart
763	23284	cart
763	22824	cart
763	7889	cart
763	5467	cart
763	3117	cart
763	36744	cart
764	5576	cart
764	6151	cart
764	18509	cart
769	36674	cart
773	11673	cart
773	28164	cart
773	351	cart
775	1517	cart
775	8331	cart
775	37548	cart
775	19068	cart
775	22163	cart
775	32080	cart
775	4092	cart
775	3632	cart
775	8178	cart
775	2850	cart
775	23722	cart
775	19805	cart
775	34198	cart
775	24812	cart
775	30393	cart
775	35649	cart
775	25774	cart
775	23988	cart
775	559	cart
775	32415	cart
775	3586	cart
775	37111	cart
775	2801	cart
775	26400	cart
775	6304	cart
775	5218	cart
775	21023	cart
802	36322	cart
837	17835	cart
837	4662	cart
837	19410	cart
837	22997	cart
837	26422	cart
837	34951	cart
849	28027	cart
851	2758	cart
851	2130	cart
851	22616	cart
851	6965	cart
851	24107	cart
851	107	cart
851	10194	cart
851	13269	cart
851	1374	cart
858	33721	cart
870	3942	cart
870	19047	cart
870	24385	cart
870	35454	cart
870	33723	cart
870	29858	cart
870	113	cart
870	36325	cart
870	17835	cart
870	604	cart
870	7183	cart
870	8021	cart
870	7342	cart
870	18111	cart
870	531	cart
870	32875	cart
870	3000	cart
870	35746	cart
870	20057	cart
870	18134	cart
870	3443	cart
870	35218	cart
870	22683	cart
881	35174	cart
881	32443	cart
888	27384	cart
888	6646	cart
888	6372	cart
888	15244	cart
888	36322	cart
888	11815	cart
888	12305	cart
888	9309	cart
888	23835	cart
888	34206	cart
888	8580	cart
931	5781	cart
931	21784	cart
931	29161	cart
931	30702	cart
931	29611	cart
931	13987	cart
939	12878	cart
939	17518	cart
939	17087	cart
939	4197	cart
939	32210	cart
987	31339	cart
987	19087	cart
987	19437	cart
987	5486	cart
987	17059	cart
987	36035	cart
987	25781	cart
987	2078	cart
987	25843	cart
987	15733	cart
987	13889	cart
988	20145	cart
988	5627	cart
988	8903	cart
988	31898	cart
988	34629	cart
988	28472	cart
988	25209	cart
988	39260	cart
988	21505	cart
988	3471	cart
988	28122	cart
988	38304	cart
988	4074	cart
988	16346	cart
988	3319	cart
988	5568	cart
988	36474	cart
988	37448	cart
1000	17091	cart
1000	4541	cart
1000	11942	cart
1027	16479	cart
1027	23393	cart
1027	32653	cart
1027	9062	cart
1027	7428	cart
1027	22189	cart
1027	5197	cart
1042	29382	cart
1042	9431	cart
1042	18588	cart
1042	12417	cart
1042	21266	cart
1042	34182	cart
1042	29185	cart
1042	3486	cart
1042	205	cart
1042	15565	cart
1042	30136	cart
1042	25133	cart
1042	24309	cart
1042	8403	cart
1042	3095	cart
1042	6861	cart
1042	21163	cart
1059	35177	cart
1059	25120	cart
1059	14099	cart
1059	22756	cart
1059	12144	cart
1059	17687	cart
1117	14689	cart
1117	26283	cart
1117	30592	cart
1117	26901	cart
1117	38123	cart
1117	29489	cart
1117	29	cart
1137	35511	cart
1137	2840	cart
1137	3870	cart
1137	37443	cart
1137	13350	cart
1137	6715	cart
1137	15647	cart
1137	476	cart
1137	23394	cart
1137	33516	cart
1137	23821	cart
1137	20200	cart
1137	35472	cart
1160	10943	cart
1160	11227	cart
1160	16173	cart
1160	23290	cart
1160	27606	cart
1165	39179	cart
1165	638	cart
1171	10512	cart
1182	23141	cart
1182	27761	cart
1182	30949	cart
1182	17522	cart
1182	575	cart
1182	24935	cart
1200	4057	cart
1200	18987	cart
1200	8290	cart
1200	21636	cart
1200	21487	cart
1200	9559	cart
1212	5095	cart
1212	15367	cart
1213	25477	cart
1213	32536	cart
1213	11972	cart
1213	999	cart
1213	27934	cart
1213	107	cart
1213	9165	cart
1213	5325	cart
1213	22822	cart
1213	25270	cart
1213	30065	cart
1213	598	cart
1213	24113	cart
1213	6551	cart
1213	33316	cart
1213	30701	cart
1213	26028	cart
1213	25813	cart
1213	8556	cart
1213	28852	cart
1213	35817	cart
1213	7714	cart
1213	20908	cart
1213	15598	cart
1213	30348	cart
1213	35134	cart
1213	20575	cart
1213	39139	cart
1229	37895	cart
1229	16340	cart
1230	37761	cart
1230	15575	cart
1230	24734	cart
1246	25432	cart
1246	10409	cart
1246	27170	cart
1246	24649	cart
1246	67	cart
1248	8854	cart
1248	26400	cart
1248	38808	cart
1248	21738	cart
1262	6621	cart
1262	16477	cart
1262	14400	cart
1262	4979	cart
1262	20617	cart
1262	31070	cart
1269	21174	cart
1269	28836	cart
1269	36030	cart
1269	26192	cart
1269	16888	cart
1270	2518	cart
1270	2540	cart
1270	19399	cart
1270	24677	cart
1270	31487	cart
1270	7995	cart
1270	24847	cart
1270	20297	cart
1270	7095	cart
1270	17167	cart
1270	32256	cart
1270	14321	cart
1270	27143	cart
1270	5628	cart
1270	15682	cart
1270	29164	cart
1270	25991	cart
1270	8820	cart
1278	25878	cart
1278	8521	cart
1287	6055	cart
1287	37547	cart
1287	23571	cart
1287	11908	cart
1287	27347	cart
1287	21670	cart
1287	29631	cart
1287	2069	cart
1287	28305	cart
1287	26403	cart
1310	4823	cart
1310	39169	cart
1310	22054	cart
1314	13522	cart
1314	38358	cart
1314	2933	cart
1314	13312	cart
1314	29226	cart
1314	37192	cart
1314	38973	cart
1314	9232	cart
1320	11466	cart
1320	36445	cart
1320	9474	cart
1320	37725	cart
1320	31130	cart
1353	2929	cart
1353	9596	cart
1353	20593	cart
1353	816	cart
1353	704	cart
1359	4933	cart
1359	2909	cart
1359	6735	cart
1359	21436	cart
1359	31688	cart
1359	31142	cart
1359	36246	cart
1360	24763	cart
1360	8260	cart
1360	11	cart
1360	15842	cart
1360	34390	cart
1360	698	cart
1360	15748	cart
1360	15413	cart
1368	20604	cart
1368	16642	cart
1368	27394	cart
1368	31733	cart
1368	15734	cart
1377	8959	cart
1377	5100	cart
1379	27767	cart
1379	13932	cart
1399	18085	cart
1399	622	cart
1399	6060	cart
1399	25376	cart
1399	26382	cart
1399	471	cart
1399	17277	cart
1399	16738	cart
1408	13721	cart
1408	29292	cart
1408	7394	cart
1433	3341	cart
1433	27415	cart
1433	5516	cart
1433	15985	cart
1433	3013	cart
1433	12859	cart
1433	25784	cart
1433	15983	cart
1433	35632	cart
1435	30010	cart
1491	4384	cart
1491	26688	cart
1491	31678	cart
1491	29961	cart
1491	2379	cart
1491	15407	cart
1491	12498	cart
1491	7997	cart
1491	35632	cart
1491	25184	cart
1491	1327	cart
1491	20752	cart
1491	15036	cart
1491	7638	cart
1491	28175	cart
1491	16842	cart
1491	5153	cart
1491	25040	cart
1491	27998	cart
1491	17289	cart
1492	12365	cart
1492	15996	cart
1499	29940	cart
1499	18193	cart
1499	12818	cart
1499	21565	cart
1499	10799	cart
1499	32915	cart
1499	23639	cart
1499	39342	cart
1499	34020	cart
1499	35898	cart
1499	2	cart
1499	16644	cart
1499	15733	cart
1499	23512	cart
1499	5724	cart
1499	17784	cart
1499	10532	cart
1499	14766	cart
1499	38391	cart
1499	8396	cart
1499	19638	cart
1499	11660	cart
1499	36732	cart
1499	31385	cart
1499	32261	cart
1499	5663	cart
1499	19040	cart
1499	31299	cart
1499	12464	cart
1499	24900	cart
1499	4343	cart
1499	26624	cart
1499	24064	cart
1499	13070	cart
1499	1671	cart
1500	9559	cart
1540	1897	cart
1540	14149	cart
1540	12999	cart
1540	2620	cart
1540	2026	cart
1540	32792	cart
1540	10715	cart
1540	17793	cart
1540	14002	cart
1540	8542	cart
1540	26881	cart
1540	15980	cart
1540	35397	cart
1540	19077	cart
1540	11313	cart
1540	34236	cart
1540	23485	cart
1540	37124	cart
1540	34881	cart
1540	2401	cart
1540	22919	cart
1570	4547	cart
1570	27848	cart
1570	21180	cart
1585	27726	cart
1585	8580	cart
1585	8398	cart
1585	4216	cart
1585	24049	cart
1585	34952	cart
1585	20433	cart
1585	22574	cart
1585	9647	cart
1585	5737	cart
1585	17424	cart
1585	9728	cart
1585	31072	cart
1585	13140	cart
1587	31770	cart
1595	7699	cart
1595	39303	cart
1595	18181	cart
1595	28316	cart
1595	29690	cart
1646	13710	cart
1695	32620	cart
1695	1035	cart
1695	37673	cart
1695	9624	cart
1695	8651	cart
1695	36703	cart
1695	13010	cart
1695	17752	cart
1695	31678	cart
1695	19480	cart
1695	13744	cart
1695	24156	cart
1710	16031	cart
1710	559	cart
1710	25581	cart
1725	12456	cart
1725	38558	cart
1725	39450	cart
1725	31036	cart
1725	29245	cart
1725	7347	cart
1725	18410	cart
1725	18086	cart
1725	8938	cart
1725	12940	cart
1725	38353	cart
1725	23839	cart
1725	39115	cart
1729	14596	cart
1729	14734	cart
1729	2130	cart
1729	19570	cart
1729	1360	cart
1729	33828	cart
1729	12832	cart
1729	17810	cart
1729	31030	cart
1729	2356	cart
1729	34326	cart
1729	21157	cart
1729	23397	cart
1729	22953	cart
1729	1606	cart
1729	36126	cart
1729	34481	cart
1729	37614	cart
1729	8933	cart
1729	26703	cart
1739	1066	cart
1739	2389	cart
1739	237	cart
1739	21913	cart
1739	8353	cart
1746	30793	cart
1746	21303	cart
1751	12161	cart
1751	28745	cart
1751	8270	cart
1751	32749	cart
1751	23288	cart
1756	18624	cart
1756	10864	cart
1786	7284	cart
1786	36385	cart
1786	33878	cart
1786	20676	cart
1786	32564	cart
1786	9222	cart
1797	29680	cart
1810	2945	cart
1812	12033	cart
1812	17752	cart
1812	5147	cart
1812	24023	cart
1812	21134	cart
1813	6735	cart
1813	32436	cart
1813	13114	cart
1813	38379	cart
1813	20336	cart
1813	4170	cart
1813	15700	cart
1813	669	cart
1828	27457	cart
1874	10206	cart
1874	3231	cart
1874	4841	cart
1874	12921	cart
1874	33968	cart
1874	33006	cart
1874	36850	cart
1874	13842	cart
1875	23630	cart
1875	23490	cart
1904	10167	cart
1904	4879	cart
1908	25803	cart
1908	36862	cart
1908	23344	cart
1908	5017	cart
1908	22755	cart
1908	28495	cart
1908	15941	cart
1908	22681	cart
1908	2696	cart
1908	36826	cart
1908	7160	cart
1908	23139	cart
1908	7563	cart
1908	18049	cart
1908	24395	cart
1916	6126	cart
1916	11517	cart
1928	36799	cart
1928	38148	cart
1928	30396	cart
1928	15667	cart
1970	35413	cart
1970	36798	cart
1970	28831	cart
1970	29844	cart
1970	4114	cart
1970	1673	cart
1970	28521	cart
2050	12498	cart
2050	3063	cart
2050	16986	cart
2050	27817	cart
2062	23559	cart
2089	4149	cart
2089	14453	cart
2089	6850	cart
2089	5698	cart
2089	30251	cart
2089	17585	cart
2089	2758	cart
2089	21109	cart
2089	36369	cart
2089	37045	cart
2089	35755	cart
2096	36994	cart
2096	29223	cart
2099	5467	cart
2099	33816	cart
2099	6130	cart
2128	30702	cart
2148	17116	cart
2148	6551	cart
2148	8359	cart
2148	26287	cart
2148	15917	cart
2148	36683	cart
2163	12529	cart
2163	15244	cart
2163	26609	cart
2163	4715	cart
2163	35061	cart
2172	4203	cart
2172	5523	cart
2172	576	cart
2172	32809	cart
2172	17267	cart
2172	26255	cart
2172	13409	cart
2212	8556	cart
2212	32925	cart
2212	4979	cart
2212	26931	cart
2228	33352	cart
2228	22823	cart
2228	33531	cart
2228	4711	cart
2228	1144	cart
2237	6302	cart
2237	13619	cart
2261	15866	cart
2262	9724	cart
2262	15739	cart
2262	3688	cart
2262	29624	cart
2262	29959	cart
2290	38766	cart
2290	946	cart
2290	35484	cart
2290	22219	cart
2290	19873	cart
2290	1410	cart
2301	22616	cart
2301	2338	cart
2301	2805	cart
2301	21661	cart
2301	13081	cart
2301	5326	cart
2316	37367	cart
2316	28141	cart
2316	8540	cart
2316	17863	cart
2316	18517	cart
2316	38524	cart
2316	26377	cart
2316	26878	cart
2316	23679	cart
2316	18507	cart
2316	34000	cart
2316	9929	cart
2316	19880	cart
2316	3966	cart
2316	28666	cart
2316	20699	cart
2316	1528	cart
2316	14585	cart
2316	11433	cart
2316	1018	cart
2316	18835	cart
2316	34733	cart
2316	24253	cart
2316	29307	cart
2316	24530	cart
2316	15185	cart
2316	1790	cart
2343	27819	cart
2343	18138	cart
2343	7638	cart
2343	13595	cart
2352	14920	cart
2352	22909	cart
2352	3570	cart
2352	37999	cart
2352	37212	cart
2352	30766	cart
2352	18112	cart
2352	6096	cart
2352	20793	cart
2352	38352	cart
2352	38148	cart
2352	17167	cart
2363	27369	cart
2363	36414	cart
2363	2410	cart
2369	20959	cart
2369	25373	cart
2369	1627	cart
2369	9027	cart
2385	30556	cart
2385	13440	cart
2385	15662	cart
2385	1770	cart
2385	9619	cart
2385	16585	cart
2385	6602	cart
2385	38558	cart
2385	34982	cart
2385	16071	cart
2385	2512	cart
2410	24124	cart
2410	28208	cart
2410	22114	cart
2410	23003	cart
2410	18012	cart
2410	25401	cart
2410	15837	cart
2410	24666	cart
2410	31041	cart
2410	11495	cart
2410	34249	cart
2410	27798	cart
2410	24372	cart
2410	29267	cart
2410	4664	cart
2410	32035	cart
2410	12197	cart
2415	21180	cart
2415	9544	cart
2415	25435	cart
2415	3296	cart
2415	31896	cart
2415	5523	cart
2416	17516	cart
2416	36710	cart
2416	23903	cart
2416	12896	cart
2449	38937	cart
2453	26681	cart
2453	8828	cart
2453	36494	cart
2453	21070	cart
2453	15885	cart
2453	2075	cart
2453	545	cart
2453	8173	cart
2453	36658	cart
2453	5397	cart
2453	8134	cart
2453	9666	cart
2453	527	cart
2453	28271	cart
2453	30369	cart
2453	18637	cart
2453	10281	cart
2453	37997	cart
2453	19480	cart
2453	12892	cart
2453	19276	cart
2453	29019	cart
2453	3227	cart
2453	36871	cart
2453	1887	cart
2453	5780	cart
2453	1155	cart
2453	30852	cart
2453	6471	cart
2453	8004	cart
2453	10739	cart
2453	35874	cart
2453	4605	cart
2453	16143	cart
2505	24741	cart
2505	5467	cart
2505	15298	cart
2544	29309	cart
2544	21129	cart
2544	18187	cart
2544	7118	cart
2544	6761	cart
2544	3503	cart
2544	34068	cart
2544	8503	cart
2544	3563	cart
2544	15958	cart
2597	16780	cart
2597	21281	cart
2597	38826	cart
2597	169	cart
2597	138	cart
2597	5512	cart
2597	7745	cart
2597	16749	cart
2597	8106	cart
2597	20563	cart
2597	22689	cart
2612	27773	cart
2612	15221	cart
2612	26010	cart
2612	10376	cart
2612	37321	cart
2612	6860	cart
2612	2841	cart
2612	21219	cart
2612	12115	cart
2633	7971	cart
2633	28023	cart
2633	24769	cart
2633	38760	cart
2678	37235	cart
2709	26643	cart
2709	22686	cart
2709	30322	cart
2709	36422	cart
2709	27904	cart
2709	21107	cart
2709	9944	cart
2734	15141	cart
2734	12473	cart
2734	33333	cart
2741	3186	cart
2741	23122	cart
2741	15449	cart
2741	26679	cart
2741	37640	cart
2741	35299	cart
2741	22930	cart
2741	14056	cart
2741	18020	cart
2741	22555	cart
2741	36465	cart
2741	5784	cart
2741	25340	cart
2741	13365	cart
2741	35307	cart
2741	2024	cart
2744	16830	cart
2744	24188	cart
2744	2985	cart
2744	5592	cart
2744	29798	cart
2744	882	cart
2744	3054	cart
2744	584	cart
2769	25915	cart
2771	34481	cart
2771	10840	cart
2771	36911	cart
2771	27634	cart
2797	15624	cart
2797	6299	cart
2797	8573	cart
2797	28762	cart
2797	8775	cart
2797	7380	cart
2797	12668	cart
2797	12753	cart
2797	21151	cart
2797	14300	cart
2797	9463	cart
2797	24734	cart
2805	4717	cart
2841	38738	cart
2841	3677	cart
2841	16750	cart
2841	9235	cart
2841	2940	cart
2841	5608	cart
2841	10164	cart
2841	14113	cart
2841	31593	cart
2848	18086	cart
2853	17236	cart
2853	10184	cart
2853	36960	cart
2853	22782	cart
2853	6866	cart
2882	26460	cart
2882	8237	cart
2882	6103	cart
2882	32680	cart
2882	36905	cart
2882	12488	cart
2882	4589	cart
2882	34359	cart
2882	9669	cart
2882	35436	cart
2882	20676	cart
2882	29642	cart
2882	14900	cart
2882	26176	cart
2882	23748	cart
2882	29775	cart
2882	154	cart
2882	20551	cart
2882	9534	cart
2882	25153	cart
2882	19672	cart
2891	15877	cart
2891	38265	cart
2891	17353	cart
2891	9012	cart
2891	39301	cart
2891	3536	cart
2891	31072	cart
2891	18563	cart
2914	13060	cart
2914	2376	cart
2914	38722	cart
2914	14797	cart
2914	35981	cart
2914	347	cart
2914	24441	cart
2914	36302	cart
2914	3565	cart
2914	14428	cart
2914	23263	cart
2957	548	cart
2957	17748	cart
2957	30263	cart
2957	35520	cart
2957	8699	cart
2957	38546	cart
2957	23404	cart
2957	2277	cart
2957	24062	cart
2957	31703	cart
2960	12162	cart
2960	12142	cart
2960	24477	cart
2960	33402	cart
2960	4216	cart
2960	13153	cart
2960	5952	cart
2960	15446	cart
2960	11965	cart
2960	35324	cart
2960	26329	cart
2960	3901	cart
2960	19518	cart
2960	27377	cart
2960	14416	cart
2963	30248	cart
2963	19206	cart
2963	432	cart
2963	4957	cart
2963	19924	cart
2963	24023	cart
2963	11939	cart
2963	18660	cart
2963	31000	cart
2963	16730	cart
2963	13657	cart
2963	18753	cart
2963	10592	cart
2963	28213	cart
2963	36022	cart
2963	9875	cart
2963	35609	cart
2963	9003	cart
2964	35740	cart
2964	13896	cart
2964	21030	cart
2971	5253	cart
2971	38283	cart
2971	3350	cart
2971	8878	cart
2971	37654	cart
2971	2729	cart
2971	17810	cart
3031	10445	cart
3031	38367	cart
3031	21117	cart
3047	18494	cart
3047	107	cart
3055	29557	cart
3055	25368	cart
3055	30526	cart
3055	12453	cart
3087	33047	cart
3117	27859	cart
3117	20256	cart
3153	38760	cart
3153	38682	cart
3153	17258	cart
3153	20844	cart
3153	13842	cart
3153	16128	cart
3153	30702	cart
3153	22488	cart
3153	37500	cart
3163	15008	cart
3163	18589	cart
3163	32156	cart
3196	28153	cart
3196	22713	cart
3196	34753	cart
3196	19487	cart
3196	3015	cart
3196	29736	cart
3196	23821	cart
3208	1698	cart
3208	1993	cart
3208	31902	cart
3208	29315	cart
3208	34972	cart
3208	6515	cart
3208	17355	cart
3208	20393	cart
3208	28121	cart
3208	15695	cart
3208	26881	cart
3208	26116	cart
3208	26329	cart
3208	22768	cart
3208	3996	cart
3208	26716	cart
3220	6989	cart
3220	5487	cart
3220	31487	cart
3220	14468	cart
3220	19517	cart
3220	30904	cart
3220	23926	cart
3220	34433	cart
3220	24847	cart
3220	17227	cart
3220	5402	cart
3220	18235	cart
3220	34342	cart
3220	36440	cart
3220	3737	cart
3238	24797	cart
3238	23874	cart
3244	2273	cart
3244	30526	cart
3244	27249	cart
3244	6727	cart
3244	12346	cart
3244	11905	cart
3244	7980	cart
3244	20073	cart
3244	26881	cart
3244	32567	cart
3244	34152	cart
3244	8260	cart
3244	6374	cart
3244	6415	cart
3244	205	cart
3244	31963	cart
3244	29557	cart
3244	35616	cart
3244	36101	cart
3244	14225	cart
3244	14657	cart
3244	30028	cart
3244	12427	cart
3244	27947	cart
3244	123	cart
3244	13010	cart
3244	12703	cart
3244	23507	cart
3244	2846	cart
3244	11425	cart
3248	39115	cart
3255	33418	cart
3255	30426	cart
3255	10199	cart
3255	13808	cart
3255	29678	cart
3255	4425	cart
3255	20515	cart
3255	31721	cart
3303	23230	cart
3303	38849	cart
3303	37443	cart
3303	5034	cart
3303	12141	cart
3303	24763	cart
3303	16884	cart
3303	11048	cart
3303	24441	cart
3303	7203	cart
3303	1040	cart
3303	38381	cart
3303	22755	cart
3303	36794	cart
3387	1627	cart
3387	38242	cart
3387	24044	cart
3387	28415	cart
3387	29283	cart
3387	20914	cart
3387	26955	cart
3387	28166	cart
3397	2885	cart
3397	2935	cart
3397	27832	cart
3402	19069	cart
3402	11557	cart
3402	19199	cart
3402	21083	cart
3402	1088	cart
3402	2041	cart
3402	8990	cart
3402	6024	cart
3402	23174	cart
3414	12006	cart
3429	1374	cart
3429	19665	cart
3429	11380	cart
3435	9106	cart
3468	25604	cart
3469	29459	cart
3479	4726	cart
3479	35922	cart
3479	38808	cart
3479	26400	cart
3479	24249	cart
3480	7097	cart
3480	6012	cart
3480	4995	cart
3480	15928	cart
3480	6302	cart
3480	33054	cart
3495	254	cart
3495	18731	cart
3495	28331	cart
3512	35516	cart
3546	34702	cart
3576	26960	cart
3576	8446	cart
3588	16629	cart
3588	39441	cart
3592	20676	cart
3592	13541	cart
3592	4705	cart
3592	10592	cart
3592	14807	cart
3592	36641	cart
3592	7974	cart
3592	25966	cart
3592	25221	cart
3592	21980	cart
3592	38954	cart
3592	34102	cart
3592	6502	cart
3592	17487	cart
3592	23897	cart
3592	8735	cart
3592	1270	cart
3592	2886	cart
3608	6033	cart
3608	4668	cart
3608	35768	cart
3608	31678	cart
3626	31578	cart
3626	39158	cart
3653	18849	cart
3653	16018	cart
3653	8219	cart
3659	6376	cart
3659	18107	cart
3659	17731	cart
3659	2230	cart
3659	16133	cart
3669	19688	cart
3669	23785	cart
3669	17279	cart
3669	34850	cart
3685	23775	cart
3685	18494	cart
3693	32335	cart
3693	15972	cart
3693	9232	cart
3693	38347	cart
3693	2356	cart
3693	18589	cart
3693	20449	cart
3695	14578	cart
3725	14321	cart
3727	14295	cart
3727	26484	cart
3727	34273	cart
3727	32264	cart
3739	14416	cart
3755	29650	cart
3755	15705	cart
3755	3316	cart
3755	9021	cart
3755	21759	cart
3755	22211	cart
3755	34485	cart
3755	32437	cart
3755	14213	cart
3755	29623	cart
3755	13295	cart
3755	29286	cart
3755	30837	cart
3755	20044	cart
3755	35595	cart
3755	16404	cart
3755	19967	cart
3755	24763	cart
3755	18289	cart
3755	14585	cart
3755	3209	cart
3756	957	cart
3756	26370	cart
3756	16328	cart
3756	33840	cart
3756	16578	cart
3756	29466	cart
3756	21705	cart
3756	35997	cart
3756	14752	cart
3756	37287	cart
3756	5399	cart
3760	36533	cart
3778	33788	cart
3778	34355	cart
3778	9794	cart
3778	20676	cart
3778	1405	cart
3778	26999	cart
3778	16488	cart
3778	19833	cart
3778	32745	cart
3778	19665	cart
3778	16703	cart
3778	38541	cart
3778	23595	cart
3778	15075	cart
3778	39251	cart
3778	6420	cart
3778	24013	cart
3778	25564	cart
3778	2416	cart
3778	17347	cart
3778	35755	cart
3778	20487	cart
3778	16071	cart
3778	19626	cart
3778	39129	cart
3778	33932	cart
3782	36874	cart
3782	15347	cart
3782	27682	cart
3782	31255	cart
3782	38321	cart
3782	31431	cart
3782	5271	cart
3788	3414	cart
3788	14571	cart
3788	2929	cart
3788	29009	cart
3827	4936	cart
3827	36262	cart
3827	15851	cart
3851	10073	cart
3851	38137	cart
3851	9232	cart
3851	30375	cart
3851	6942	cart
3851	33050	cart
3851	16606	cart
3851	5208	cart
3854	23288	cart
3854	35795	cart
3857	10205	cart
3857	33450	cart
3857	37673	cart
3857	25131	cart
3857	27953	cart
3857	38814	cart
3857	23376	cart
3857	28696	cart
3857	18872	cart
3870	18516	cart
3870	9232	cart
3870	20266	cart
3870	18885	cart
3870	4734	cart
3870	32743	cart
3870	37591	cart
3870	7	cart
3870	10281	cart
3870	9661	cart
3870	21852	cart
3870	29787	cart
3870	4234	cart
3870	13457	cart
3870	21427	cart
3870	25781	cart
3870	17689	cart
3870	16790	cart
3876	32848	cart
3876	16640	cart
3876	7250	cart
3876	16524	cart
3876	29330	cart
3876	5726	cart
3876	18794	cart
3876	703	cart
3876	25593	cart
3876	796	cart
3876	23791	cart
3876	2738	cart
3876	32429	cart
3876	8557	cart
3876	6097	cart
3876	11166	cart
3876	10571	cart
3876	19853	cart
3876	27217	cart
3891	25982	cart
3891	1746	cart
3921	28859	cart
3921	35082	cart
3921	21065	cart
3921	3028	cart
3921	30834	cart
3921	32638	cart
3927	14392	cart
3930	27682	cart
3930	19461	cart
3930	7714	cart
3930	36126	cart
3956	22640	cart
3956	7968	cart
3956	31110	cart
3956	17124	cart
3956	4551	cart
3956	15449	cart
3956	38013	cart
3956	34663	cart
3956	2895	cart
3956	1572	cart
3956	17253	cart
3956	20134	cart
3956	35930	cart
3956	14463	cart
3956	12892	cart
3956	15907	cart
3975	18624	cart
3975	36131	cart
3981	6960	cart
3981	32819	cart
4002	25694	cart
4002	23623	cart
4017	3879	cart
4017	37647	cart
4017	28609	cart
4017	35288	cart
4017	11500	cart
4017	16202	cart
4017	13540	cart
4017	13287	cart
4017	36942	cart
4017	7524	cart
4017	13425	cart
4017	20960	cart
4017	29555	cart
4017	5408	cart
4017	23112	cart
4017	18124	cart
4017	5608	cart
4024	6253	cart
4024	10768	cart
4024	2810	cart
4024	23279	cart
4024	7669	cart
4024	31082	cart
4024	4523	cart
4024	18353	cart
4024	11890	cart
4024	10688	cart
4024	10344	cart
4024	17166	cart
4024	4427	cart
4057	2126	cart
4057	11512	cart
4057	34920	cart
4073	13414	cart
4073	7980	cart
4073	19641	cart
4073	20107	cart
4073	30039	cart
4073	22823	cart
4073	38091	cart
4073	899	cart
4139	36555	cart
4139	3414	cart
4193	30047	cart
4193	14273	cart
4193	33156	cart
4193	24207	cart
4263	1201	cart
4263	34646	cart
4263	21729	cart
4263	410	cart
4286	9755	cart
4286	27841	cart
4286	20856	cart
4286	4926	cart
4289	7728	cart
4289	33853	cart
4289	34726	cart
4289	36559	cart
4289	9784	cart
4289	12232	cart
4289	20234	cart
4289	12644	cart
4291	14780	cart
4291	9340	cart
4291	34640	cart
4291	15700	cart
4291	38562	cart
4291	7196	cart
4291	2753	cart
4291	38356	cart
4291	31542	cart
4291	31864	cart
4291	26912	cart
4291	28053	cart
4291	7638	cart
4291	9383	cart
4291	992	cart
4291	15688	cart
4291	12559	cart
4291	32646	cart
4295	7565	cart
4295	26810	cart
4295	638	cart
4295	20382	cart
4295	21356	cart
4295	22872	cart
4337	18012	cart
4337	10609	cart
4337	30322	cart
4358	38143	cart
4358	10649	cart
4358	6723	cart
4358	3733	cart
4358	24795	cart
4358	10860	cart
4358	16045	cart
4358	6253	cart
4358	6283	cart
4360	21936	cart
4360	5069	cart
4370	17405	cart
4370	15618	cart
4370	28023	cart
4370	253	cart
4370	19207	cart
4370	29031	cart
4370	19543	cart
4387	34676	cart
4394	2510	cart
4394	9354	cart
4394	18859	cart
4394	3841	cart
4409	15750	cart
4409	15705	cart
4409	9387	cart
4409	8931	cart
4409	13173	cart
4409	13517	cart
4409	26917	cart
4435	28023	cart
4435	30702	cart
4435	35683	cart
4435	27918	cart
4450	1162	cart
4498	32498	cart
4498	10405	cart
4498	24288	cart
4502	20009	cart
4502	4742	cart
4502	21098	cart
4502	26583	cart
4502	13060	cart
4502	5350	cart
4502	38916	cart
4502	20899	cart
4502	21720	cart
4502	19240	cart
4502	15695	cart
4502	19961	cart
4502	39117	cart
4502	24125	cart
4502	38722	cart
4502	36681	cart
4502	2482	cart
4502	19503	cart
4502	22639	cart
4502	16369	cart
4502	35565	cart
4502	28082	cart
4502	27436	cart
4502	25873	cart
4502	15403	cart
4502	2620	cart
4502	1742	cart
4502	34982	cart
4502	14260	cart
4502	19620	cart
4502	21739	cart
4502	13798	cart
4502	34753	cart
4502	16067	cart
4502	18674	cart
4502	35595	cart
4502	5138	cart
4502	29044	cart
4502	15618	cart
4502	18905	cart
4502	1781	cart
4502	19725	cart
4502	28103	cart
4502	18052	cart
4502	18533	cart
4502	6004	cart
4502	7373	cart
4502	10799	cart
4502	32168	cart
4502	38971	cart
4502	6522	cart
4502	11893	cart
4523	9723	cart
4523	12917	cart
4530	27971	cart
4562	347	cart
4562	34304	cart
4562	28040	cart
4562	11169	cart
4577	10968	cart
4577	3330	cart
4577	34376	cart
4577	29440	cart
4577	31072	cart
4577	25434	cart
4577	22147	cart
4580	14371	cart
4580	33014	cart
4580	14085	cart
4580	38560	cart
4580	21427	cart
4580	32429	cart
4611	29000	cart
4611	6176	cart
4611	27245	cart
4611	28940	cart
4611	481	cart
4611	32711	cart
4611	15276	cart
4611	35342	cart
4611	14571	cart
4614	39110	cart
4614	36133	cart
4614	15144	cart
4643	21134	cart
4643	19080	cart
4643	5159	cart
4643	22114	cart
4643	7002	cart
4643	28290	cart
4643	29054	cart
4643	7180	cart
4651	17841	cart
4651	15072	cart
4651	35387	cart
4663	19374	cart
4663	9982	cart
4663	39301	cart
4663	25324	cart
4712	30322	cart
4712	8783	cart
4712	1970	cart
4712	28027	cart
4712	1938	cart
4712	16878	cart
4712	6023	cart
4712	27736	cart
4739	33289	cart
4739	32650	cart
4739	20078	cart
4739	24161	cart
4739	6591	cart
4739	30837	cart
4739	32661	cart
4739	19604	cart
4739	20859	cart
4739	18870	cart
4739	28361	cart
4739	15594	cart
4739	31910	cart
4739	27526	cart
4739	1852	cart
4739	22733	cart
4739	2237	cart
4739	15512	cart
4739	3456	cart
4739	34418	cart
4739	3445	cart
4739	21761	cart
4739	27715	cart
4739	30526	cart
4739	11074	cart
4739	26594	cart
4739	35988	cart
4739	36554	cart
4739	32125	cart
4740	35683	cart
4740	13446	cart
4740	22658	cart
4740	33470	cart
4740	21372	cart
4740	37274	cart
4740	30702	cart
4740	12244	cart
4740	20844	cart
4767	18572	cart
4767	39408	cart
4767	16933	cart
4767	33777	cart
4767	3705	cart
4777	8460	cart
4777	21158	cart
4790	22085	cart
4790	30333	cart
4798	26244	cart
4810	16797	cart
4810	25667	cart
4810	30702	cart
4810	28484	cart
4814	39123	cart
4814	34310	cart
4814	24833	cart
4814	19301	cart
4814	30219	cart
4814	30074	cart
4814	7830	cart
4814	30610	cart
4814	26810	cart
4814	2429	cart
4845	34990	cart
4845	6243	cart
4845	12190	cart
4871	1156	cart
4902	6541	cart
4902	32988	cart
4902	35114	cart
4902	29971	cart
4902	33781	cart
4902	3076	cart
4902	2788	cart
4902	8950	cart
4902	11822	cart
4902	27578	cart
4902	26604	cart
4902	3314	cart
4902	530	cart
4902	36886	cart
4902	6339	cart
4902	23346	cart
4902	8995	cart
4902	37400	cart
4902	27600	cart
4902	35901	cart
4902	14464	cart
4914	28740	cart
4914	33132	cart
4926	2964	cart
4926	16109	cart
4926	9128	cart
4926	31733	cart
4926	7385	cart
4944	2732	cart
4944	9250	cart
4944	27347	cart
4944	34987	cart
4944	24330	cart
4945	5483	cart
4945	29364	cart
4945	29555	cart
4945	14735	cart
4945	8403	cart
4945	16865	cart
4945	17113	cart
4945	37312	cart
4945	19623	cart
4964	5242	cart
4964	14643	cart
4964	35103	cart
4964	15244	cart
4964	18987	cart
4967	33565	cart
4967	30379	cart
4967	1523	cart
4967	38265	cart
4968	20609	cart
4968	37799	cart
4968	14098	cart
4968	21386	cart
4968	10626	cart
4968	38549	cart
4968	2781	cart
4968	29388	cart
4968	27328	cart
4968	22458	cart
4968	28481	cart
4968	26482	cart
4968	16322	cart
4968	37500	cart
4968	13366	cart
4968	1111	cart
4968	16071	cart
4968	15519	cart
4968	9427	cart
4968	31533	cart
4968	33151	cart
4968	8340	cart
5014	29284	cart
5014	38724	cart
5032	36354	cart
5032	24429	cart
5032	20207	cart
5032	7415	cart
5032	6379	cart
5032	20600	cart
5032	32196	cart
5032	36033	cart
5032	32400	cart
5032	11723	cart
5032	32607	cart
5040	25312	cart
5040	26428	cart
5040	36012	cart
5040	26689	cart
5081	16892	cart
5110	5197	cart
5112	31082	cart
5112	6180	cart
5112	23884	cart
5112	22934	cart
5112	34831	cart
5131	31475	cart
5131	19230	cart
5131	27035	cart
5131	717	cart
5131	37873	cart
5131	2864	cart
5131	23815	cart
5131	36343	cart
5131	17284	cart
5131	34646	cart
5131	9898	cart
5152	32196	cart
5153	6699	cart
5153	18127	cart
5153	26096	cart
5153	10528	cart
5153	21692	cart
5153	24290	cart
5153	19206	cart
5153	25243	cart
5153	24974	cart
5153	29644	cart
5153	36872	cart
5157	15239	cart
5157	11848	cart
5160	36386	cart
5160	13772	cart
5175	29987	cart
5175	1903	cart
5175	19517	cart
5175	13707	cart
5175	28304	cart
5175	33474	cart
5175	33222	cart
5175	15447	cart
5175	30582	cart
5175	29135	cart
5175	36897	cart
5175	6801	cart
5175	17245	cart
5175	18558	cart
5175	28278	cart
5175	21998	cart
5175	10973	cart
5175	917	cart
5175	20222	cart
5175	31487	cart
5175	34554	cart
5175	4057	cart
5175	39407	cart
5175	32948	cart
5175	33267	cart
5175	35303	cart
5175	29381	cart
5175	27775	cart
5175	561	cart
5184	5091	cart
5184	23632	cart
5184	25624	cart
5184	6753	cart
5184	13729	cart
5184	33994	cart
5184	10998	cart
5184	4286	cart
5184	4146	cart
5242	33575	cart
5242	26007	cart
5242	13651	cart
5242	23795	cart
5242	5958	cart
5242	34596	cart
5242	9811	cart
5245	1490	cart
5245	26863	cart
5253	5218	cart
5253	14392	cart
5256	9818	cart
5256	10735	cart
5256	30958	cart
5256	23790	cart
5256	293	cart
5256	34127	cart
5256	19158	cart
5256	18357	cart
5256	14143	cart
5256	28410	cart
5256	2638	cart
5256	2817	cart
5282	35930	cart
5282	29804	cart
5282	9341	cart
5282	20938	cart
5282	25221	cart
5282	23742	cart
5282	7770	cart
5282	33210	cart
5282	28637	cart
5282	10705	cart
5282	35485	cart
5282	32603	cart
5296	20993	cart
5324	23393	cart
5324	25328	cart
5327	15407	cart
5327	22114	cart
5327	22645	cart
5327	12548	cart
5327	22777	cart
5327	645	cart
5327	10144	cart
5327	11129	cart
5327	29001	cart
5327	38246	cart
5327	26070	cart
5327	7544	cart
5327	27014	cart
5327	28897	cart
5327	14392	cart
5327	16368	cart
5327	13153	cart
5327	18624	cart
5327	28868	cart
5327	36213	cart
5327	5412	cart
5327	38007	cart
5340	34952	cart
5340	11359	cart
5366	30702	cart
5366	25667	cart
5366	33948	cart
5366	8725	cart
5366	21997	cart
5366	13141	cart
5366	4216	cart
5366	24259	cart
5366	4391	cart
5366	19518	cart
5366	5952	cart
5366	17854	cart
5366	28484	cart
5366	30761	cart
5366	35115	cart
5366	35324	cart
5388	18029	cart
5388	32195	cart
5388	1734	cart
5388	27279	cart
5388	21266	cart
5424	19396	cart
5424	34703	cart
5441	17397	cart
5441	946	cart
5441	16128	cart
5441	12244	cart
5441	37274	cart
5441	7791	cart
5441	22290	cart
5441	17207	cart
5441	4831	cart
5441	5383	cart
5441	15652	cart
5441	12964	cart
5441	17241	cart
5441	26626	cart
5441	5420	cart
5441	19020	cart
5441	38672	cart
5441	4344	cart
5443	18872	cart
5443	13272	cart
5443	33041	cart
5443	38410	cart
5443	4129	cart
5443	7515	cart
5443	32040	cart
5443	803	cart
5443	1358	cart
5443	6551	cart
5443	6212	cart
5443	2733	cart
5443	18385	cart
5443	20670	cart
5443	24238	cart
5443	7328	cart
5443	9003	cart
5443	23650	cart
5443	37804	cart
5443	21739	cart
5443	13485	cart
5443	16864	cart
5443	11910	cart
5443	34678	cart
5443	10062	cart
5443	13841	cart
5443	1374	cart
5443	15531	cart
5443	19814	cart
5443	26332	cart
5443	5876	cart
5443	4250	cart
5443	11954	cart
5443	37526	cart
5443	34277	cart
5443	1665	cart
5443	668	cart
5443	3004	cart
5443	27930	cart
5443	757	cart
5443	20067	cart
5443	38726	cart
5443	22856	cart
5443	5615	cart
5443	37591	cart
5487	22668	cart
5487	28651	cart
5490	34958	cart
5490	31045	cart
5490	8403	cart
5490	5644	cart
5490	34616	cart
5508	32925	cart
5508	10138	cart
5508	31534	cart
5508	26931	cart
5508	30369	cart
5508	15634	cart
5508	14573	cart
5508	20045	cart
5508	6115	cart
5508	36369	cart
5508	15366	cart
5508	2	cart
5526	8697	cart
5526	23167	cart
5526	35378	cart
5526	16720	cart
5526	8853	cart
5526	29950	cart
5526	34234	cart
5526	12383	cart
5526	20255	cart
5526	34745	cart
5548	20099	cart
5550	32842	cart
5550	38254	cart
5550	33979	cart
5550	23830	cart
5550	3678	cart
5550	21001	cart
5550	5192	cart
5550	7703	cart
5550	14847	cart
5550	12141	cart
5550	18613	cart
5550	16517	cart
5564	25433	cart
5564	10705	cart
5564	19589	cart
5564	21303	cart
5564	3384	cart
5564	31317	cart
5564	1123	cart
5576	16333	cart
5576	17903	cart
5576	25648	cart
5576	16921	cart
5576	7919	cart
5578	14977	cart
5578	1085	cart
5578	25965	cart
5578	17230	cart
5588	5628	cart
5588	23415	cart
5588	527	cart
5588	28521	cart
5588	4337	cart
5588	7490	cart
5597	13485	cart
5597	25970	cart
5597	19787	cart
5604	283	cart
5604	35747	cart
5604	22345	cart
5604	11653	cart
5604	36390	cart
5604	18966	cart
5604	9782	cart
5604	15996	cart
5604	10478	cart
5604	10211	cart
5604	17289	cart
5604	24732	cart
5604	6715	cart
5604	29789	cart
5604	107	cart
5604	4523	cart
5604	21980	cart
5607	36195	cart
5619	25	cart
5625	28824	cart
5625	34532	cart
5625	6571	cart
5625	1777	cart
5639	25504	cart
5639	18987	cart
5639	10646	cart
5639	2372	cart
5639	12258	cart
5639	20243	cart
5653	4574	cart
5653	1085	cart
5653	21195	cart
5653	34413	cart
5653	20835	cart
5653	24226	cart
5653	13601	cart
5653	10847	cart
5653	10896	cart
5675	24554	cart
5682	35943	cart
5682	35099	cart
5732	24066	cart
5732	12717	cart
5732	24697	cart
5732	415	cart
5732	38160	cart
5732	21905	cart
5732	24761	cart
5732	3788	cart
5732	24198	cart
5747	8556	cart
5747	28651	cart
5747	33051	cart
5754	21473	cart
5754	28633	cart
5754	22159	cart
5754	329	cart
5754	31780	cart
5754	14455	cart
5754	28611	cart
5754	10173	cart
5754	5898	cart
5754	32060	cart
5754	8394	cart
5754	31217	cart
5754	13678	cart
5754	8299	cart
5781	9637	cart
5781	11294	cart
5781	36335	cart
5793	18178	cart
5863	27328	cart
5863	36156	cart
5863	34905	cart
5863	38293	cart
5863	30585	cart
5863	36560	cart
5890	33450	cart
5890	24441	cart
5890	24985	cart
5890	21561	cart
5890	12050	cart
5890	19152	cart
5890	7307	cart
5890	29923	cart
5894	13560	cart
5894	10344	cart
5894	33594	cart
5894	13049	cart
5905	32149	cart
5905	34939	cart
5905	28544	cart
5905	25227	cart
5905	10414	cart
5905	13815	cart
5905	26617	cart
5905	22674	cart
5905	29889	cart
5920	30401	cart
5920	14480	cart
5920	2518	cart
5920	11676	cart
5920	19284	cart
5920	24765	cart
5920	18354	cart
5920	6224	cart
5920	19648	cart
5920	11900	cart
5920	5162	cart
5920	10421	cart
5920	22506	cart
5920	37185	cart
5920	33270	cart
5920	29122	cart
5920	10376	cart
5922	22926	cart
5922	35748	cart
5922	10598	cart
5922	8343	cart
5922	21639	cart
5922	2687	cart
5922	28365	cart
5922	39278	cart
5927	13537	cart
5936	19117	cart
5936	25399	cart
5936	8853	cart
5936	32134	cart
5936	11933	cart
5936	6142	cart
5946	30287	cart
5946	10851	cart
5946	11753	cart
5946	35258	cart
5946	406	cart
5946	32401	cart
5946	21620	cart
5946	13853	cart
5946	3211	cart
5946	897	cart
5946	31089	cart
5946	17153	cart
5946	14418	cart
5946	24956	cart
5946	6065	cart
5946	30935	cart
5946	17509	cart
5946	12983	cart
5946	7089	cart
5946	12458	cart
5946	14464	cart
5946	20862	cart
5946	7155	cart
5946	27485	cart
5946	26229	cart
5946	35779	cart
5946	7412	cart
5962	5787	cart
5962	1832	cart
5962	39211	cart
5962	1857	cart
5962	6681	cart
5962	16732	cart
6043	1766	cart
6043	8801	cart
6043	619	cart
6043	25258	cart
6043	10281	cart
6043	37024	cart
6043	3276	cart
6043	492	cart
6043	16178	cart
6043	12829	cart
6044	37508	cart
6044	33044	cart
6044	22398	cart
6057	4691	cart
6057	24651	cart
6057	37326	cart
6068	32713	cart
6068	38303	cart
6068	18586	cart
6068	2500	cart
6068	35702	cart
6068	16187	cart
6068	37132	cart
6110	4488	cart
6110	32573	cart
6110	31587	cart
6112	29981	cart
6112	12971	cart
6112	9982	cart
6112	23483	cart
6112	3607	cart
6112	31987	cart
6116	22046	cart
6116	29488	cart
6116	14208	cart
6116	20611	cart
6116	25952	cart
6116	9475	cart
6116	6587	cart
6116	29003	cart
6116	9759	cart
6116	27575	cart
6116	20355	cart
6116	32623	cart
6116	7387	cart
6116	14582	cart
6116	9555	cart
6116	24177	cart
6116	21668	cart
6116	24268	cart
6116	31775	cart
6116	36832	cart
6116	3263	cart
6116	21495	cart
6116	34456	cart
6116	11767	cart
6116	21157	cart
6116	23554	cart
6116	2330	cart
6116	3062	cart
6116	31027	cart
6116	33288	cart
6116	17862	cart
6116	3868	cart
6116	22332	cart
6116	31470	cart
6116	23162	cart
6142	26305	cart
6142	32832	cart
6142	30702	cart
6142	28752	cart
6142	16301	cart
6142	23099	cart
6142	38766	cart
6142	11276	cart
6142	21810	cart
6142	7971	cart
6142	1915	cart
6142	17144	cart
6142	9819	cart
6149	14623	cart
6153	5731	cart
6153	26893	cart
6153	27578	cart
6153	22521	cart
6153	17053	cart
6153	27396	cart
6153	10391	cart
6153	35489	cart
6153	10630	cart
6153	25533	cart
6153	22968	cart
6153	24524	cart
6153	4832	cart
6153	5197	cart
6153	24608	cart
6162	15244	cart
6162	10344	cart
6162	21271	cart
6162	20195	cart
6162	21183	cart
6162	3164	cart
6162	6418	cart
6162	999	cart
6162	10284	cart
6162	16760	cart
6162	1433	cart
6162	8987	cart
6162	24704	cart
6162	23849	cart
6162	24064	cart
6166	1809	cart
6166	32028	cart
6166	4825	cart
6166	6620	cart
6182	5026	cart
6184	26927	cart
6184	25331	cart
6184	22099	cart
6196	30393	cart
6196	13391	cart
6196	379	cart
6196	33034	cart
6202	33710	cart
6202	20778	cart
6202	38562	cart
6202	4170	cart
6202	28411	cart
6311	38682	cart
6311	7971	cart
6311	18683	cart
6311	31214	cart
6328	31364	cart
6328	15727	cart
6328	5885	cart
6328	4799	cart
6328	21964	cart
6328	34129	cart
6328	35196	cart
6328	899	cart
6328	23203	cart
6328	31579	cart
6328	3551	cart
6328	5232	cart
6328	25364	cart
6328	14774	cart
6336	15727	cart
6336	39045	cart
6336	38875	cart
6336	34490	cart
6336	33418	cart
6336	26384	cart
6417	3931	cart
6417	15760	cart
6418	12019	cart
6429	34115	cart
6429	32261	cart
6429	13073	cart
6430	30186	cart
6430	9339	cart
6430	31229	cart
6430	34064	cart
6430	14186	cart
6430	18700	cart
6430	29744	cart
6430	19948	cart
6430	6055	cart
6430	26924	cart
6430	28901	cart
6430	27060	cart
6430	7628	cart
6430	19549	cart
6442	28747	cart
6450	6148	cart
6450	14719	cart
6450	35034	cart
6450	38567	cart
6462	35662	cart
6462	2246	cart
6462	26090	cart
6462	29514	cart
6494	20283	cart
6494	31869	cart
6494	5693	cart
6494	256	cart
6494	39256	cart
6528	21138	cart
6528	1471	cart
6528	2176	cart
6532	4197	cart
6532	22081	cart
6532	1048	cart
6532	10010	cart
6532	35226	cart
6532	37970	cart
6555	35972	cart
6555	15866	cart
6555	4038	cart
6555	20179	cart
6555	19518	cart
6555	36414	cart
6555	26648	cart
6555	5484	cart
6555	34899	cart
6555	19024	cart
6555	4216	cart
6555	21466	cart
6555	16074	cart
6555	25966	cart
6555	10022	cart
6555	1834	cart
6555	28076	cart
6555	22749	cart
6555	37307	cart
6594	136	cart
6594	3061	cart
6662	2566	cart
6662	38334	cart
6667	16533	cart
6667	21423	cart
6667	3573	cart
6667	31416	cart
6667	26136	cart
6670	25098	cart
6675	2529	cart
6675	13061	cart
6675	4276	cart
6675	7772	cart
6675	30632	cart
6675	29679	cart
6675	14706	cart
6686	38078	cart
6686	12374	cart
6686	34103	cart
6686	7849	cart
6686	21578	cart
6696	64	cart
6696	15541	cart
6696	17081	cart
6696	5370	cart
6696	26090	cart
6696	38252	cart
6696	26467	cart
6696	18775	cart
6696	19102	cart
6696	36823	cart
6706	38682	cart
6706	35683	cart
6706	28649	cart
6706	19020	cart
6706	28422	cart
6706	37688	cart
6706	29979	cart
6706	26399	cart
6706	21363	cart
6708	22424	cart
6708	4831	cart
6708	13109	cart
6708	21969	cart
6708	9701	cart
6708	17057	cart
6708	10829	cart
6708	16869	cart
6708	24398	cart
6708	3227	cart
6708	4900	cart
6708	22158	cart
6708	30897	cart
6717	38279	cart
6803	32947	cart
6803	30163	cart
6803	26021	cart
6803	14368	cart
6803	3852	cart
6807	18967	cart
6808	14208	cart
6820	27413	cart
6822	24619	cart
6822	31981	cart
6822	11243	cart
6822	8958	cart
6822	18307	cart
6822	39486	cart
6822	10699	cart
6826	1374	cart
6871	15915	cart
6871	946	cart
6871	34596	cart
6871	2715	cart
6871	30702	cart
6871	29964	cart
6871	19096	cart
6871	21677	cart
6871	38722	cart
6871	20460	cart
6871	36168	cart
6871	35732	cart
6871	9883	cart
6871	17835	cart
6871	7535	cart
6871	31069	cart
6882	37481	cart
6882	26037	cart
6882	35939	cart
6915	30513	cart
6915	22897	cart
6915	38966	cart
6915	3127	cart
6915	1537	cart
6915	9613	cart
6915	22755	cart
6917	35737	cart
6927	17015	cart
6927	24308	cart
6927	4551	cart
6927	2024	cart
6927	34615	cart
6927	6734	cart
6927	8865	cart
6927	38682	cart
6927	9820	cart
6927	15449	cart
6927	38353	cart
6927	16695	cart
6967	19827	cart
6967	10272	cart
6967	21472	cart
6967	5824	cart
6967	1380	cart
6967	29559	cart
6967	25084	cart
6967	28055	cart
6967	8622	cart
6967	4947	cart
6967	20733	cart
6967	821	cart
6967	30600	cart
6967	25517	cart
6967	10536	cart
6967	23745	cart
6967	16488	cart
6967	18154	cart
6967	13010	cart
6997	25475	cart
7005	32959	cart
7005	14343	cart
7005	15480	cart
7014	27217	cart
7038	12832	cart
7038	26244	cart
7038	22115	cart
7038	21556	cart
7038	14412	cart
7057	13585	cart
7057	17482	cart
7057	36476	cart
7057	20661	cart
7057	20676	cart
7057	33517	cart
7057	31112	cart
7057	2051	cart
7085	25845	cart
7085	14392	cart
7085	22574	cart
7085	17987	cart
7097	24845	cart
7097	28509	cart
7097	20006	cart
7097	28339	cart
7097	24401	cart
7122	13636	cart
7122	17207	cart
7122	36254	cart
7122	23151	cart
7163	27372	cart
7163	32505	cart
7163	33169	cart
7163	29141	cart
7187	14992	cart
7215	34262	cart
7215	9387	cart
7215	14688	cart
7215	26760	cart
7215	1742	cart
7215	5518	cart
7215	17522	cart
7215	14207	cart
7215	10002	cart
7215	26648	cart
7250	17259	cart
7250	1274	cart
7250	32424	cart
7250	8916	cart
7250	30702	cart
7250	20661	cart
7288	16782	cart
7288	31172	cart
7288	16726	cart
7288	2389	cart
7288	26123	cart
7288	36820	cart
7288	5710	cart
7288	22855	cart
7288	25298	cart
7288	10030	cart
7288	22022	cart
7288	23144	cart
7288	31238	cart
7288	29557	cart
7288	24960	cart
7288	23849	cart
7288	27309	cart
7288	23141	cart
7288	38576	cart
7288	10266	cart
7288	21739	cart
7288	31606	cart
7288	30839	cart
7288	23156	cart
7288	34850	cart
7288	9222	cart
7288	19549	cart
7288	8804	cart
7288	30159	cart
7288	35817	cart
7294	4158	cart
7294	37533	cart
7294	4328	cart
7308	32974	cart
7308	25393	cart
7313	29292	cart
7313	29406	cart
7313	28500	cart
7313	8778	cart
7313	16558	cart
7313	16660	cart
7313	16883	cart
7313	26055	cart
7313	1597	cart
7328	31294	cart
7328	25557	cart
7328	31311	cart
7328	37059	cart
7328	31227	cart
7328	12305	cart
7328	9433	cart
7328	8604	cart
7328	2626	cart
7328	7602	cart
7350	37520	cart
7350	21342	cart
7350	24687	cart
7350	20111	cart
7350	24724	cart
7350	10119	cart
7350	32711	cart
7369	10381	cart
7369	3405	cart
7369	32790	cart
7369	34647	cart
7369	14289	cart
7369	10234	cart
7369	18415	cart
7369	33990	cart
7383	31912	cart
7383	28740	cart
7383	30219	cart
7383	32917	cart
7383	27309	cart
7383	20287	cart
7383	23965	cart
7383	1358	cart
7383	2147	cart
7387	24018	cart
7391	18308	cart
7391	394	cart
7391	20019	cart
7394	38984	cart
7394	29358	cart
7394	35673	cart
7394	33183	cart
7394	1875	cart
7394	29267	cart
7418	2460	cart
7448	31907	cart
7448	12598	cart
7451	17119	cart
7451	26671	cart
7451	532	cart
7451	9230	cart
7451	12464	cart
7451	4543	cart
7451	36592	cart
7451	18121	cart
7451	29177	cart
7451	17710	cart
7451	17276	cart
7451	23264	cart
7451	14854	cart
7461	30674	cart
7461	24730	cart
7461	4965	cart
7461	5899	cart
7461	21151	cart
7461	14018	cart
7475	12412	cart
7475	5028	cart
7487	19713	cart
7543	27027	cart
7577	32538	cart
7577	21939	cart
7577	14810	cart
7577	36060	cart
7577	25103	cart
7577	39316	cart
7577	33240	cart
7577	3164	cart
7577	11523	cart
7577	8615	cart
7577	6368	cart
7577	11979	cart
7577	38916	cart
7577	19176	cart
7577	17037	cart
7577	27004	cart
7577	30036	cart
7577	11793	cart
7581	14252	cart
7581	20011	cart
7581	38748	cart
7581	13765	cart
7581	26194	cart
7581	9718	cart
7581	37179	cart
7628	17837	cart
7628	20078	cart
7641	17457	cart
7641	30051	cart
7641	26899	cart
7659	39161	cart
7672	14740	cart
7688	14674	cart
7688	8622	cart
7688	37786	cart
7688	26927	cart
7688	30161	cart
7688	4864	cart
7688	39056	cart
7688	36863	cart
7688	32995	cart
7688	39148	cart
7703	32081	cart
7703	2940	cart
7703	7524	cart
7703	16926	cart
7703	8184	cart
7703	18999	cart
7703	19382	cart
7703	7316	cart
7703	37647	cart
7703	5731	cart
7703	18106	cart
7703	19910	cart
7703	34640	cart
7703	21688	cart
7703	3563	cart
7703	28325	cart
7724	5141	cart
7724	32024	cart
7724	10472	cart
7724	21046	cart
7724	22194	cart
7724	28544	cart
7724	27644	cart
7725	35783	cart
7725	31070	cart
7731	16417	cart
7731	8497	cart
7731	2070	cart
7731	12889	cart
7731	38823	cart
7731	19803	cart
7738	38569	cart
7738	3889	cart
7738	5075	cart
7738	6314	cart
7738	36794	cart
7738	1974	cart
7738	5465	cart
7738	24608	cart
7738	29956	cart
7738	33025	cart
7738	14057	cart
7738	24441	cart
7744	26090	cart
7744	31540	cart
7744	17868	cart
7749	26689	cart
7749	25984	cart
7749	30133	cart
7749	13537	cart
7749	31910	cart
7765	35592	cart
7765	29660	cart
7772	17115	cart
7772	18029	cart
7772	33047	cart
7772	23928	cart
7772	15695	cart
7772	21562	cart
7772	1374	cart
7777	28201	cart
7781	15487	cart
7781	37970	cart
7781	22012	cart
7800	31978	cart
7800	4831	cart
7800	14016	cart
7800	21446	cart
7800	24471	cart
7800	3519	cart
7800	1290	cart
7800	17207	cart
7800	24850	cart
7800	38601	cart
7800	4058	cart
7800	8718	cart
7800	17065	cart
7800	32792	cart
7836	29576	cart
7851	32233	cart
7866	26329	cart
7866	5320	cart
7866	25667	cart
7866	8365	cart
7866	34262	cart
7866	16797	cart
7866	37481	cart
7882	37854	cart
7882	35915	cart
7882	22128	cart
7882	36353	cart
7882	27657	cart
7882	19235	cart
7882	18358	cart
7882	8868	cart
7882	39343	cart
7909	28054	cart
7909	35998	cart
7909	38516	cart
7909	9012	cart
7909	38760	cart
7909	38682	cart
7909	7971	cart
7909	22658	cart
7909	17258	cart
7909	27905	cart
7909	1410	cart
7909	8365	cart
7909	4216	cart
7909	3901	cart
7909	17525	cart
7909	19518	cart
7909	26572	cart
7924	33676	cart
7924	24763	cart
7946	9359	cart
7946	24665	cart
7946	21869	cart
7946	29284	cart
7946	21968	cart
7946	17091	cart
7946	20036	cart
7946	374	cart
7946	20959	cart
7946	38635	cart
7946	27440	cart
7946	6361	cart
7946	33051	cart
7946	20676	cart
7946	39479	cart
7946	25437	cart
7946	6258	cart
7946	10218	cart
7946	8256	cart
7946	14616	cart
7946	19747	cart
7946	37347	cart
7946	7161	cart
7946	19665	cart
7946	10935	cart
7946	30265	cart
7946	6531	cart
7946	10689	cart
7946	107	cart
7946	38366	cart
7960	21157	cart
7960	20479	cart
7960	10759	cart
7960	3274	cart
7960	2920	cart
7960	36322	cart
7960	9377	cart
7960	5234	cart
7960	6366	cart
7960	1436	cart
7963	28458	cart
7973	25343	cart
7973	22034	cart
7973	36281	cart
7973	12097	cart
7973	36577	cart
7973	28543	cart
7982	9088	cart
7982	23613	cart
7987	1433	cart
7987	15845	cart
7991	37985	cart
7991	10682	cart
7991	4364	cart
7991	26003	cart
7991	33964	cart
7991	13957	cart
7991	39012	cart
7991	16179	cart
7996	36913	cart
7996	12727	cart
7996	14743	cart
7996	25905	cart
7996	19861	cart
7996	8002	cart
7996	10821	cart
7997	17173	cart
7997	3669	cart
8000	38497	cart
8000	3901	cart
8000	35324	cart
8000	19518	cart
8000	13153	cart
8000	14188	cart
8000	38682	cart
8000	4216	cart
8009	13893	cart
8009	16556	cart
8009	27142	cart
8009	14538	cart
8009	14475	cart
8009	29773	cart
8009	1358	cart
8009	266	cart
8009	35609	cart
8009	6922	cart
8009	2389	cart
8009	5452	cart
8009	30159	cart
8009	20550	cart
8009	31837	cart
8009	32811	cart
8010	22194	cart
8010	4724	cart
8010	38445	cart
8025	17387	cart
8025	30905	cart
8025	5207	cart
8025	27918	cart
8025	28752	cart
8025	33006	cart
8025	17258	cart
8025	15866	cart
8025	13842	cart
8025	35681	cart
8025	8776	cart
8025	12162	cart
8025	8491	cart
8025	39323	cart
8025	19216	cart
8025	6133	cart
8025	37113	cart
8025	17153	cart
8025	1125	cart
8055	17871	cart
8055	4451	cart
8055	17856	cart
8055	37305	cart
8055	28542	cart
8055	24510	cart
8055	34676	cart
8055	7217	cart
8055	36813	cart
8055	37455	cart
8055	15978	cart
8055	16607	cart
8055	21658	cart
8055	14444	cart
8055	34955	cart
8055	24050	cart
8055	32281	cart
8055	39189	cart
8055	30218	cart
8088	32152	cart
8088	929	cart
8088	32136	cart
8093	217	cart
8093	26621	cart
8093	10780	cart
8093	16302	cart
8093	20489	cart
8124	1087	cart
8176	13393	cart
8176	19480	cart
8176	1243	cart
8176	32311	cart
8176	38148	cart
8176	12011	cart
8176	7974	cart
8188	23650	cart
8188	6801	cart
8188	7770	cart
8188	24749	cart
8188	12516	cart
8188	1670	cart
8188	23981	cart
8188	4960	cart
8188	17810	cart
8188	5555	cart
8188	36322	cart
8188	38410	cart
8188	20073	cart
8188	22733	cart
8188	21345	cart
8188	14787	cart
8256	6220	cart
8256	16488	cart
8256	18154	cart
8256	11992	cart
8256	18688	cart
8256	20275	cart
8256	3059	cart
8256	38828	cart
8256	33656	cart
8264	4851	cart
8274	10735	cart
8274	26946	cart
8283	5412	cart
8283	2958	cart
8283	1368	cart
8284	28538	cart
8316	20078	cart
8326	196	cart
8326	7879	cart
8326	30516	cart
8340	32833	cart
8340	15239	cart
8340	13132	cart
8340	7918	cart
8340	29923	cart
8340	217	cart
8386	3116	cart
8386	11750	cart
8386	34175	cart
8457	6115	cart
8468	30513	cart
8468	9528	cart
8468	33963	cart
8468	19509	cart
8468	27223	cart
8468	4914	cart
8468	19480	cart
8468	19782	cart
8499	20551	cart
8508	13224	cart
8515	21446	cart
8515	25517	cart
8515	4052	cart
8515	11642	cart
8515	415	cart
8515	20255	cart
8515	36817	cart
8515	4676	cart
8515	10735	cart
8515	34037	cart
8515	28744	cart
8515	13342	cart
8515	17085	cart
8515	38722	cart
8517	35955	cart
8517	14808	cart
8517	16041	cart
8517	38726	cart
8517	21446	cart
8517	30573	cart
8517	25176	cart
8517	31317	cart
8517	29721	cart
8517	29103	cart
8517	19613	cart
8517	37515	cart
8517	19355	cart
8517	1799	cart
8517	7327	cart
8517	17930	cart
8517	39252	cart
8517	8478	cart
8517	11137	cart
8517	18441	cart
8517	30250	cart
8517	35639	cart
8567	36594	cart
8567	2111	cart
8567	10778	cart
8567	32023	cart
8567	39002	cart
8567	2705	cart
8567	5977	cart
8567	676	cart
8567	2826	cart
8567	39156	cart
8567	24320	cart
8567	31602	cart
8567	232	cart
8567	26350	cart
8567	1903	cart
8567	32477	cart
8567	36084	cart
8617	31273	cart
8619	16096	cart
8626	34596	cart
8627	37297	cart
8627	30839	cart
8627	21062	cart
8627	1374	cart
8627	31184	cart
8637	9639	cart
8637	11199	cart
8637	27887	cart
8641	28085	cart
8648	1991	cart
8648	21537	cart
8648	38665	cart
8648	29598	cart
8648	1100	cart
8655	29293	cart
8656	35498	cart
8656	28554	cart
8658	23083	cart
8663	29869	cart
8663	28890	cart
8663	25228	cart
8663	36339	cart
8663	29812	cart
8674	6883	cart
8674	8620	cart
8674	164	cart
8674	18506	cart
8674	7794	cart
8674	4546	cart
8674	16898	cart
8674	1537	cart
8674	6222	cart
8674	33035	cart
8681	13710	cart
8681	20195	cart
8681	15808	cart
8681	31937	cart
8681	29019	cart
8681	24797	cart
8681	5051	cart
8681	28055	cart
8681	2729	cart
8681	3028	cart
8681	38279	cart
8681	24389	cart
8693	23280	cart
8707	36068	cart
8707	11022	cart
8707	17546	cart
8707	6975	cart
8707	38562	cart
8707	1358	cart
8707	9454	cart
8707	9533	cart
8707	21248	cart
8707	13228	cart
8707	547	cart
8707	10780	cart
8707	2894	cart
8707	29358	cart
8707	27636	cart
8707	1085	cart
8707	16437	cart
8707	27401	cart
8707	4880	cart
8707	2517	cart
8707	1103	cart
8707	31430	cart
8707	26023	cart
8707	12341	cart
8707	28497	cart
8707	8288	cart
8707	26325	cart
8707	14482	cart
8707	26638	cart
8707	38916	cart
8707	11458	cart
8707	7817	cart
8707	31311	cart
8707	13183	cart
8707	20336	cart
8707	17461	cart
8707	12819	cart
8726	26303	cart
8726	19986	cart
8726	20368	cart
8726	31801	cart
8726	27497	cart
8733	456	cart
8733	8345	cart
8733	32772	cart
8733	20740	cart
8733	23883	cart
8733	4317	cart
8733	28282	cart
8733	28040	cart
8733	21036	cart
8733	25724	cart
8733	7094	cart
8733	12400	cart
8768	32515	cart
8773	20954	cart
8773	27659	cart
8773	16315	cart
8773	10570	cart
8780	13957	cart
8780	10309	cart
8780	31840	cart
8780	26345	cart
8780	7493	cart
8780	23137	cart
8780	21415	cart
8780	35091	cart
8780	6108	cart
8780	16386	cart
8780	19370	cart
8780	5412	cart
8780	14541	cart
8780	6331	cart
8806	34816	cart
8806	17709	cart
8806	1224	cart
8808	37792	cart
8830	69	cart
8830	26701	cart
8837	14755	cart
8837	17118	cart
8841	9148	cart
8841	28141	cart
8841	5880	cart
8841	18503	cart
8841	32281	cart
8841	38185	cart
8841	5316	cart
8841	33339	cart
8841	1862	cart
8841	31593	cart
8841	24575	cart
8841	31341	cart
8841	31743	cart
8841	15051	cart
8841	31475	cart
8846	10062	cart
8846	10935	cart
8846	14128	cart
8846	21873	cart
8846	34761	cart
8855	30769	cart
8855	9596	cart
8855	36257	cart
8855	1526	cart
8866	4384	cart
8872	32024	cart
8872	1410	cart
8872	38329	cart
8872	34365	cart
8885	17004	cart
8885	33181	cart
8885	12858	cart
8885	13068	cart
8885	991	cart
8886	34376	cart
8886	22147	cart
8886	26037	cart
8886	12931	cart
8886	12326	cart
8912	26158	cart
8912	31216	cart
8912	9851	cart
8912	39189	cart
8912	36003	cart
8912	38439	cart
8912	31615	cart
8912	38011	cart
8928	7301	cart
8928	28040	cart
8928	15644	cart
8928	21709	cart
8928	20326	cart
8928	36817	cart
8928	2085	cart
8928	32187	cart
8928	35130	cart
8928	32674	cart
8928	30921	cart
8928	23383	cart
8928	18714	cart
8928	14473	cart
8928	13573	cart
8928	22382	cart
8928	11807	cart
8928	32567	cart
8928	14644	cart
8928	27132	cart
8928	24588	cart
8928	4000	cart
8928	5390	cart
8928	39048	cart
8928	28676	cart
8928	16159	cart
8928	672	cart
8928	25640	cart
8928	23096	cart
8928	10321	cart
8943	27668	cart
8943	604	cart
8943	5402	cart
8943	23444	cart
8943	13726	cart
8946	26367	cart
8946	18264	cart
8946	30677	cart
8946	24409	cart
8946	33888	cart
8955	21025	cart
8955	32061	cart
8955	23827	cart
8955	20272	cart
8955	16449	cart
8955	25963	cart
8955	28535	cart
8955	3472	cart
8955	32650	cart
8955	13808	cart
8955	13207	cart
8955	19156	cart
8955	13289	cart
8955	21248	cart
8955	13081	cart
8955	33788	cart
8973	30308	cart
8973	3578	cart
8973	23188	cart
8973	26207	cart
8973	13228	cart
9006	31927	cart
9006	14122	cart
9006	21084	cart
9008	10796	cart
9008	24754	cart
9008	28270	cart
9008	4391	cart
9008	2249	cart
9008	21323	cart
9008	3120	cart
9008	31715	cart
9018	32261	cart
9018	16303	cart
9018	35292	cart
9018	13485	cart
9018	11175	cart
9018	10996	cart
9018	11972	cart
9018	7770	cart
9018	25781	cart
9018	26525	cart
9045	15449	cart
9045	20333	cart
9058	1410	cart
9058	10954	cart
9058	4192	cart
9058	2873	cart
9058	14573	cart
9058	25083	cart
9058	15016	cart
9059	16571	cart
9059	5001	cart
9059	15833	cart
9059	23246	cart
9059	472	cart
9059	8532	cart
9059	31042	cart
9059	2856	cart
9059	24621	cart
9059	20961	cart
9080	2761	cart
9080	1954	cart
9080	22731	cart
9080	23507	cart
9080	23137	cart
9080	5394	cart
9080	17332	cart
9080	6965	cart
9080	29332	cart
9080	25083	cart
9080	34519	cart
9080	9368	cart
9080	39109	cart
9080	18275	cart
9080	10573	cart
9080	27497	cart
9099	8495	cart
9099	12657	cart
9115	12916	cart
9115	9403	cart
9115	31519	cart
9115	33430	cart
9115	8050	cart
9115	36967	cart
9121	16471	cart
9121	35863	cart
9121	21843	cart
9121	36942	cart
9121	13425	cart
9121	29974	cart
9121	8651	cart
9121	24651	cart
9121	16840	cart
9121	15129	cart
9121	8222	cart
9121	32452	cart
9121	9823	cart
9128	5227	cart
9143	23288	cart
9143	25477	cart
9164	7974	cart
9170	32589	cart
9170	13144	cart
9170	1374	cart
9191	36838	cart
9191	1176	cart
9191	20121	cart
9203	35945	cart
9203	20255	cart
9203	37614	cart
9203	3840	cart
9203	20152	cart
9203	7330	cart
9203	16617	cart
9203	18452	cart
9226	38823	cart
9226	36737	cart
9226	6637	cart
9226	8365	cart
9226	7150	cart
9226	8959	cart
9226	17340	cart
9226	30813	cart
9226	7403	cart
9226	26329	cart
9226	344	cart
9226	28791	cart
9226	18298	cart
9226	12523	cart
9226	2578	cart
9226	13109	cart
9226	10780	cart
9226	21639	cart
9226	4523	cart
9226	4489	cart
9226	32385	cart
9226	29078	cart
9226	23465	cart
9226	33860	cart
9229	36553	cart
9268	31417	cart
9268	13469	cart
9268	36118	cart
9268	30494	cart
9268	17841	cart
9268	29085	cart
9268	20195	cart
9268	32490	cart
9307	38816	cart
9307	36266	cart
9307	30685	cart
9307	37962	cart
9307	16778	cart
9311	38682	cart
9311	7971	cart
9311	21784	cart
9311	29161	cart
9311	1915	cart
9311	17461	cart
9311	136	cart
9311	22045	cart
9311	17509	cart
9311	22258	cart
9311	37645	cart
9311	18223	cart
9311	32947	cart
9311	513	cart
9311	35683	cart
9311	7489	cart
9317	3289	cart
9317	37618	cart
9317	26329	cart
9317	30243	cart
9317	17033	cart
9317	12657	cart
9317	36258	cart
9317	15983	cart
9321	8124	cart
9342	26460	cart
9342	29940	cart
9342	30223	cart
9342	30445	cart
9361	28219	cart
9361	3773	cart
9361	11281	cart
9361	32515	cart
9361	31916	cart
9361	22168	cart
9361	18432	cart
9361	35187	cart
9361	27703	cart
9361	3478	cart
9361	28911	cart
9361	33482	cart
9361	15763	cart
9361	4460	cart
9361	29397	cart
9361	17522	cart
9361	19868	cart
9361	15181	cart
9361	36254	cart
9361	25754	cart
9361	25453	cart
9361	38148	cart
9361	37734	cart
9361	17740	cart
9361	401	cart
9361	38339	cart
9361	2537	cart
9383	34459	cart
9385	21008	cart
9385	16892	cart
9385	21237	cart
9410	32567	cart
9410	38007	cart
9426	2163	cart
9426	5904	cart
9426	21148	cart
9426	11170	cart
9426	20625	cart
9426	33239	cart
9426	32035	cart
9426	19518	cart
9426	39042	cart
9426	31090	cart
9426	37433	cart
9426	38760	cart
9426	35324	cart
9426	17854	cart
9426	14455	cart
9426	22255	cart
9426	15557	cart
9426	27133	cart
9426	13558	cart
9426	39167	cart
9437	24960	cart
9437	28509	cart
9437	29306	cart
9437	13979	cart
9437	15598	cart
9437	18179	cart
9437	1742	cart
9437	34410	cart
9437	21345	cart
9463	10052	cart
9463	8522	cart
9463	2026	cart
9463	19396	cart
9463	2055	cart
9463	18669	cart
9463	30159	cart
9463	25864	cart
9463	22824	cart
9463	35205	cart
9496	6372	cart
9496	7705	cart
9496	4277	cart
9496	29233	cart
9496	39477	cart
9496	38865	cart
9496	27613	cart
9496	17748	cart
9496	8290	cart
9514	29301	cart
9514	13823	cart
9518	36871	cart
9518	5467	cart
9531	32189	cart
9531	2200	cart
9531	39474	cart
9531	3363	cart
9531	4523	cart
9531	17935	cart
9531	36181	cart
9531	26881	cart
9531	25364	cart
9531	14411	cart
9531	23821	cart
9531	20438	cart
9531	2730	cart
9531	38356	cart
9531	10134	cart
9531	17091	cart
9531	18987	cart
9531	1600	cart
9531	37253	cart
9531	7770	cart
9531	16805	cart
9531	35196	cart
9531	32238	cart
9531	35200	cart
9531	24651	cart
9564	38375	cart
9564	7974	cart
9564	21018	cart
9564	5486	cart
9564	22490	cart
9564	23442	cart
9564	12417	cart
9564	24749	cart
9564	13562	cart
9564	17701	cart
9569	32823	cart
9569	29196	cart
9614	23529	cart
9615	20067	cart
9615	8969	cart
9615	27369	cart
9615	33798	cart
9615	1123	cart
9615	26028	cart
9615	27142	cart
9631	26304	cart
9632	19106	cart
9632	3284	cart
9632	38240	cart
9632	13425	cart
9632	34804	cart
9632	1490	cart
9632	5770	cart
9632	35854	cart
9647	33270	cart
9647	35780	cart
9647	17925	cart
9647	12539	cart
9647	26692	cart
9647	37859	cart
9647	8959	cart
9647	38265	cart
9647	3040	cart
9647	16466	cart
9652	34850	cart
9652	29782	cart
9683	10010	cart
9694	7800	cart
9694	30839	cart
9694	32261	cart
9763	9786	cart
9763	9430	cart
9763	10245	cart
9763	10106	cart
9791	15346	cart
9791	959	cart
9794	12350	cart
9794	38098	cart
9794	22408	cart
9794	33006	cart
9804	8670	cart
9804	22175	cart
9804	29318	cart
9809	26258	cart
9809	5693	cart
9809	15148	cart
9809	29474	cart
9809	19810	cart
9809	2043	cart
9809	31369	cart
9809	12700	cart
9809	33047	cart
9837	24471	cart
9837	28800	cart
9867	34237	cart
9867	9763	cart
9867	1662	cart
9867	20593	cart
9867	10272	cart
9867	511	cart
9867	23896	cart
9867	34130	cart
9867	25895	cart
9920	23384	cart
9920	13032	cart
9920	35194	cart
9920	18396	cart
9920	10626	cart
9920	27275	cart
9920	15440	cart
9920	5643	cart
9931	30626	cart
9931	25038	cart
9931	23932	cart
9931	5503	cart
9931	16585	cart
9949	11031	cart
9949	22098	cart
9949	35838	cart
9949	26999	cart
9949	24839	cart
9949	19730	cart
9950	18002	cart
9950	26199	cart
9950	35312	cart
9950	23659	cart
9950	7	cart
9950	16470	cart
9950	26090	cart
9950	19410	cart
9950	21705	cart
9951	8933	cart
9951	37325	cart
9951	35101	cart
9951	4649	cart
9951	23031	cart
9951	1084	cart
9951	23046	cart
9951	8002	cart
9951	15250	cart
9951	35459	cart
9951	38410	cart
9951	20735	cart
9951	36994	cart
9951	6551	cart
9951	30626	cart
9951	38576	cart
9951	17189	cart
9951	22528	cart
9951	34196	cart
9951	31442	cart
9951	14932	cart
9951	23582	cart
9951	21913	cart
9951	12516	cart
9951	19567	cart
9951	18806	cart
9951	24113	cart
9951	15146	cart
9951	35565	cart
9951	10026	cart
9991	14321	cart
9991	19200	cart
9991	26616	cart
9991	938	cart
10071	30054	cart
10071	16157	cart
10071	11348	cart
10071	11276	cart
10071	30702	cart
10071	17139	cart
10071	19020	cart
10103	20534	cart
10103	8501	cart
10103	23482	cart
10103	5122	cart
10103	31277	cart
10103	30921	cart
10118	13139	cart
10118	36813	cart
10118	25142	cart
10118	39189	cart
10118	12212	cart
10118	32451	cart
10118	37613	cart
10118	23025	cart
10118	4518	cart
10118	7312	cart
10118	3626	cart
10118	30724	cart
10118	21699	cart
10118	16948	cart
10118	30643	cart
10118	22125	cart
10118	704	cart
10118	11964	cart
10137	23405	cart
10137	4831	cart
10137	12911	cart
10137	5081	cart
10137	3647	cart
10141	21237	cart
10141	24465	cart
10173	15298	cart
10173	2758	cart
10173	10291	cart
10173	7669	cart
10173	34635	cart
10173	664	cart
10173	19239	cart
10205	5757	cart
10205	19396	cart
10205	6179	cart
10212	30204	cart
10212	24023	cart
10217	36994	cart
10242	16461	cart
10247	27906	cart
10247	32511	cart
10247	10935	cart
10247	10941	cart
10247	25364	cart
10247	4153	cart
10247	21323	cart
10247	19553	cart
10262	6373	cart
10262	367	cart
10262	33365	cart
10262	17856	cart
10262	35482	cart
10262	12713	cart
10268	27912	cart
10268	24732	cart
10282	999	cart
10282	14970	cart
10282	5051	cart
10282	35932	cart
10282	107	cart
10282	13996	cart
10282	26028	cart
10282	7188	cart
10282	17985	cart
10282	21052	cart
10282	36148	cart
10282	4196	cart
10308	31227	cart
10308	15700	cart
10308	4170	cart
10308	2525	cart
10308	21765	cart
10308	38254	cart
10308	7314	cart
10308	6541	cart
10308	4392	cart
10335	553	cart
10335	18025	cart
10338	37868	cart
10338	11357	cart
10338	19622	cart
10338	17231	cart
10338	1099	cart
10338	23511	cart
10338	37526	cart
10354	4235	cart
10354	35886	cart
10354	38762	cart
10354	22805	cart
10354	39131	cart
10354	8029	cart
10354	17717	cart
10354	21022	cart
10354	20903	cart
10367	34178	cart
10367	29207	cart
10367	23072	cart
10367	27539	cart
10367	21954	cart
10367	18416	cart
10367	18310	cart
10367	20277	cart
10367	12004	cart
10367	33520	cart
10367	33873	cart
10367	7306	cart
10367	15552	cart
10367	9309	cart
10367	31874	cart
10367	18029	cart
10367	961	cart
10367	13837	cart
10367	39198	cart
10367	4969	cart
10367	5926	cart
10367	25231	cart
10367	17720	cart
10367	16585	cart
10367	11465	cart
10367	15000	cart
10372	11909	cart
10372	14571	cart
10372	17482	cart
10372	151	cart
10379	23806	cart
10379	5647	cart
10379	29196	cart
10379	3403	cart
10389	15153	cart
10389	11977	cart
10389	21865	cart
10389	18335	cart
10389	26681	cart
10389	19296	cart
10389	24253	cart
10389	21269	cart
10389	35322	cart
10389	25444	cart
10389	5412	cart
10389	32947	cart
10389	28082	cart
10389	7423	cart
10389	5354	cart
10389	25850	cart
10389	16153	cart
10389	26502	cart
10389	30608	cart
10389	10699	cart
10389	4705	cart
10389	11059	cart
10389	7863	cart
10420	36741	cart
10420	488	cart
10420	37077	cart
10420	35472	cart
10420	12858	cart
10431	35817	cart
10434	10735	cart
10434	20222	cart
10434	22738