0,1001130,775221,1,1511620582
1,1001130,376751,1,1511620905
2,1001130,86256,1,1511710245
3,1001130,735415,1,1511710250
4,1001130,439480,1,1511710258
5,1001130,86256,1,1511710329
6,1001130,3990990,3,1511789007
7,1001130,68814,1,1511789129
8,1001130,4029468,1,1511791114
9,1001130,2302253,1,1511791142
10,1001130,4029468,1,1511791205
11,1001130,2015561,1,1511791263
12,1001130,2015561,1,1511791315
13,1001130,2787733,1,1511876194
14,1001130,3004847,1,1511957073
15,1001130,4127881,1,1511966817
16,1001130,4127881,1,1512012899
17,1001130,4848915,1,1512033578
18,1001130,4867764,1,1512040863
19,1001130,2457207,1,1512047457
20,1001130,2629313,1,1512047501
21,1001130,3968510,1,1512047541
22,1001130,1450574,1,1512047557
23,1001130,2452027,1,1512047602
24,1001130,1004488,1,1512047609
25,1001130,1094904,1,1512050116
26,1001130,2302253,1,1512050124
27,1001130,2015561,1,1512050134
28,1001130,3193375,1,1512050146
29,1001130,3193375,1,1512050267
30,1001130,300124,1,1512050339
31,1001130,3354565,1,1512050546
32,1001130,4157274,1,1512050576
33,1001130,77819,1,1512050981
34,1001130,818823,1,1512050986
35,1001130,5083191,1,1512050995
36,1001130,2026498,1,1512137794
37,1001130,4199372,1,1512137822
38,1001130,3990990,1,1512138378
39,1001130,68814,1,1512138529
40,1001130,3836557,1,1512138569
41,1001130,4293875,1,1512189157
42,1001130,2521928,1,1512189293
43,1001130,4416265,1,1512225132
44,1001130,2521928,1,1512225431
45,1001130,5083191,1,1512225873
46,1001130,77819,1,1512225888
47,1001130,4648514,1,1512225936
48,1001130,8154,1,1512227977
49,1001130,8154,1,1512228091
50,1001130,8154,1,1512260508
51,1001130,3858178,1,1512260530
52,1001130,619192,1,1512260599
53,1001130,2334607,1,1512260612
54,1001130,2828948,1,1512260659
55,1001130,3237277,1,1512274893
56,1001130,2750042,1,1512275282
57,1001130,1962765,1,1512275308
58,1001130,1037004,1,1512275464
59,1001130,1962765,1,1512275922
60,1001130,8154,1,1512277712
61,1001130,716098,1,1512277742
62,1001130,3997635,1,1512277801
63,1001130,716098,1,1512277914
64,1001130,2026498,1,1512278013
65,1001419,2742029,1,1511700159
66,1001419,4252236,4,1511700613
67,1001419,543186,3,1511701772
68,1001419,1758302,1,1511701787
69,1001419,543186,1,1511701791
70,1001419,4252236,1,1511701839
71,1001419,2862331,1,1511701851
72,1001419,730132,3,1511701937
73,1001419,4095210,3,1511701981
74,1001419,2160688,3,1511702033
75,1001419,3139182,1,1511702064
76,1001419,4913374,1,1511702169
77,1001419,543186,1,1511702977
78,1001419,4095210,3,1511703135
79,1001419,730132,1,1511703309
80,1001419,1211510,1,1511791007
81,1001419,4252236,3,1511791164
82,1001419,3030785,1,1511932159
83,1001419,3030785,1,1511932253
84,1001419,2088364,1,1511932359
85,1001419,2432612,1,1511932421
86,1001419,4274573,1,1511932455
87,1001419,1598103,1,1511932470
88,1001419,3567151,1,1511932498
89,1001419,4092373,1,1511932559
90,1001419,4252236,4,1511965889
91,1001419,328912,1,1511965983
92,1001419,1534053,1,1511966003
93,1001419,4252236,1,1511966162
94,1001419,2160688,4,1511966350
95,1001419,4252236,4,1511966350
96,1001419,1501726,3,1511966581
97,1001419,4061696,3,1511966628
98,1001419,687236,1,1511999123
99,1001419,1814336,1,1512012237
100,1001419,2964774,1,1512012510
101,1001419,2964774,1,1512013337
102,1001419,2964774,4,1512015872
103,1001419,4061696,4,1512016147
104,1001419,3770731,2,1512035449
105,1001419,4063028,1,1512035516
106,1001419,4983944,1,1512035616
107,1001419,3770731,1,1512038441
108,1001419,4071352,1,1512039548
109,1001419,3770731,3,1512051874
110,1001419,2650118,3,1512053149
111,1001419,2650118,1,1512086144
112,1001419,3770731,4,1512093971
113,1001419,4334292,3,1512119996
114,1001419,2650118,1,1512120024
115,1001419,152724,1,1512125859
116,1001419,3770731,1,1512138867
117,1001419,4071352,1,1512138989
118,1001419,2336952,1,1512139025
119,1001419,2650118,2,1512186507
120,1001419,2650118,1,1512186924
121,1001419,2650118,1,1512186942
122,1001419,2650118,1,1512187129
123,1001419,3770731,1,1512187152
124,1001419,4061696,1,1512192869
125,1001419,4334292,1,1512193034
126,1001419,4061696,1,1512193148
127,1001419,3694267,3,1512237874
128,1001419,3964583,3,1512237957
129,1001419,4332383,1,1512298471
130,1001618,1494221,3,1511561977
131,1001618,4015566,1,1511563579
132,1001618,2186499,1,1511563672
133,1001618,3797303,1,1511610020
134,1001618,698352,1,1511610137
135,1001618,3402452,1,1511610150
136,1001618,2186499,1,1511612064
137,1001618,3469419,1,1511612138
138,1001618,4002947,1,1511672819
139,1001618,1494221,1,1511686439
140,1001618,4002947,1,1511687210
141,1001618,4002947,1,1511687530
142,1001618,4002947,1,1511687562
143,1001618,4002947,1,1511687717
144,1001618,1494221,1,1511688415
145,1001618,4002947,1,1511688554
146,1001618,4002947,1,1511692811
147,1001618,4002947,1,1511693210
148,1001618,698352,1,1511693419
149,1001618,4002947,1,1511693459
150,1001618,698352,3,1511693532
151,1001618,4979788,1,1511693638
152,1001618,1711791,3,1511693821
153,1001618,817741,1,1511693838
154,1001618,3992954,1,1511695157
155,1001618,4002947,3,1511695380
156,1001618,393880,1,1511698778
157,1001618,2082965,1,1511698810
158,1001618,3291206,1,1511698849
159,1001618,1009464,1,1511704179
160,1001618,2575122,1,1511771037
161,1001618,2366600,1,1511784287
162,1001618,812879,1,1511850107
163,1001618,1538904,1,1511870817
164,1001618,1711791,1,1511870833
165,1001618,1538904,1,1511871547
166,1001618,698352,1,1511871560
167,1001618,4979788,1,1511871574
168,1001618,3402452,1,1511871670
169,1001618,1494221,1,1511871699
170,1001618,3797303,1,1511873847
171,1001618,1711791,3,1511874230
172,1001618,1005024,1,1511874549
173,1001618,1711791,1,1511877763
174,1001618,1005024,1,1511877853
175,1001618,1538904,1,1511877867
176,1001618,3797303,1,1511879667
177,1001618,2250578,1,1511879777
178,1001618,1538904,1,1511904417
179,1001618,3797303,1,1511904463
180,1001618,1005024,1,1511904604
181,1001618,1498838,1,1511993544
182,1001618,2521928,3,1512033447
183,1001618,1711791,1,1512033698
184,1001618,1494221,1,1512034364
185,1001618,1538904,1,1512034414
186,1001618,3615285,1,1512043440
187,1001618,4333209,1,1512045587
188,1001618,2521928,1,1512045968
189,1001618,698352,3,1512089982
190,1001618,698352,1,1512168630
191,1001618,698352,1,1512203210
192,1001618,4211084,1,1512227168
193,1001618,3908819,1,1512254618
194,1001618,4211084,1,1512312632
195,1001618,3095445,1,1512312785
196,1001788,3652345,1,1511595157
197,1001788,3652345,1,1511595296
198,1001788,5015102,1,1511595365
199,1001788,1970858,4,1511617848
200,1001788,1970858,1,1511618154
201,1001788,4542739,1,1511620086
202,1001788,3037914,1,1511683650
203,1001788,1890623,1,1511683744
204,1001788,2438165,1,1511711298
205,1001788,2178671,1,1511762154
206,1001788,4216413,1,1511762203
207,1001788,518766,1,1511771300
208,1001788,2409359,1,1511793319
209,1001788,4978005,1,1511793681
210,1001788,2047347,1,1511793690
211,1001788,4978005,1,1511793760
212,1001788,3949072,3,1511839464
213,1001788,2438165,1,1511841394
214,1001788,1970858,1,1511867273
215,1001788,3828859,1,1511886197
216,1001788,4269318,1,1511886619
217,1001788,1689743,1,1511886684
218,1001788,5061759,1,1511887130
219,1001788,2909072,1,1511887570
220,1001788,41508,3,1511887686
221,1001788,2250942,1,1511887700
222,1001788,41508,1,1511887747
223,1001788,2250942,3,1511887801
224,1001788,2250942,1,1511887941
225,1001788,2667139,1,1511888103
226,1001788,3044207,3,1511888164
227,1001788,3044207,1,1511888245
228,1001788,4667522,1,1512016875
229,1001788,3828859,1,1512020689
230,1001788,352123,1,1512116818
231,1001788,4689045,3,1512117074
232,1001788,482493,3,1512117286
233,1001788,482493,3,1512117491
234,1001788,4269318,1,1512190800
235,1001788,4574345,1,1512190811
236,1001788,284053,1,1512197973
237,1001788,284053,1,1512198006
238,1001788,5015102,1,1512198333
239,1001788,794120,1,1512202794
240,1001788,3617486,1,1512202888
241,1001788,159102,1,1512203469
242,1001788,3956425,1,1512203797
243,1001788,2862052,1,1512203808
244,1001788,4458366,1,1512308145
245,1001788,4458366,1,1512308308
246,1001788,1279315,1,1512312096
247,1001788,4071470,1,1512312820
248,1001788,1279315,1,1512312825
249,1001788,4458366,1,1512312843
250,1001788,4832111,1,1512312996
251,1001788,3143527,1,1512313023
252,1001788,1071214,3,1512313236
253,1001788,1279315,1,1512316023
254,1001788,1071214,3,1512316184
255,1001788,1279315,1,1512316233
256,1001788,1071214,1,1512316471
257,1002118,4165867,1,1511576602
258,1002118,365472,1,1511576652
259,1002118,2729868,1,1511576720
260,1002118,4024652,1,1511576941
261,1002118,2338453,1,1511588018
262,1002118,20745,1,1511744663
263,1002118,1115610,1,1511744784
264,1002118,20745,1,1511745057
265,1002118,20745,1,1511745947
266,1002118,20745,1,1511746137
267,1002118,20745,1,1511746997
268,1002118,20745,1,1511747188
269,1002118,3805780,1,1511747305
270,1002118,20745,1,1511748415
271,1002118,20745,1,1511750981
272,1002118,642643,1,1511751205
273,1002118,20745,1,1511751456
274,1002118,20745,1,1511751707
275,1002118,2006551,1,1511751760
276,1002118,20745,1,1511751915
277,1002118,20745,1,1511756595
278,1002118,3232328,1,1511761191
279,1002118,836529,2,1511767841
280,1002118,20745,1,1511767845
281,1002118,1059132,2,1511768181
282,1002118,20745,1,1511768184
283,1002118,836529,1,1511768349
284,1002118,20745,1,1511768451
285,1002118,712579,1,1511769106
286,1002118,1059132,1,1511769147
287,1002118,2161195,1,1511769181
288,1002118,836529,1,1511769242
289,1002118,1059132,1,1511769284
290,1002118,2657558,4,1511770192
291,1002118,3639010,1,1511834744
292,1002118,3964583,1,1511834863
293,1002118,3637048,1,1511835196
294,1002118,3639010,1,1511835718
295,1002118,3639010,1,1511836103
296,1002118,3639010,1,1511836636
297,1002118,4583519,1,1511836917
298,1002118,3232328,1,1511924334
299,1002118,137035,1,1511924361
300,1002118,1621123,1,1511924402
301,1002118,1810420,1,1511924533
302,1002118,3955,1,1511924571
303,1002118,4612626,1,1511924590
304,1002118,137035,1,1511925253
305,1002118,4612626,1,1511925275
306,1002118,3699491,1,1511925404
307,1002118,3406537,1,1511925995
308,1002118,3215156,1,1511932279
309,1002118,4703651,1,1511932387
310,1002118,924684,1,1511932499
311,1002118,5036799,1,1511932551
312,1002118,866111,1,1511943032
313,1002118,1188838,1,1511943504
314,1002118,1384854,2,1511952434
315,1002118,3563311,2,1512014767
316,1002118,2457207,1,1512016492
317,1002118,3006103,1,1512017055
318,1002118,3203089,1,1512017074
319,1002118,924684,1,1512017368
320,1002118,780694,1,1512017433
321,1002118,4262924,2,1512017873
322,1002118,4654918,1,1512018481
323,1002118,2782189,2,1512018851
324,1002118,974192,1,1512018928
325,1002118,2667082,1,1512019433
326,1002118,4546007,1,1512025759
327,1002118,4210587,1,1512025808
328,1002118,4216357,1,1512025916
329,1002118,4566571,1,1512091720
330,1002118,1148375,1,1512091834
331,1002118,4262924,1,1512091885
332,1002118,2504546,1,1512092050
333,1002118,4262924,1,1512092270
334,1002118,4262924,1,1512092319
335,1002118,780694,1,1512092390
336,1002118,4262924,1,1512092598
337,1002118,2307997,1,1512098872
338,1002118,4262924,1,1512099008
339,1002118,4632344,4,1512101503
340,1002118,2504546,1,1512102620
341,1002118,4576843,1,1512184467
342,1002118,780694,1,1512185603
343,1002118,1384854,1,1512185638
344,1002118,104750,1,1512186536
345,1002118,950626,1,1512190004
346,1002118,2753150,1,1512274721
347,1002307,4637129,1,1511672937
348,1002307,1927924,2,1511675793
349,1002307,1127735,1,1511676819
350,1002307,3854410,1,1511704121
351,1002307,2499401,1,1511704202
352,1002307,4528252,1,1511704221
353,1002307,3854410,1,1511704930
354,1002307,2338453,1,1511705899
355,1002307,2028434,3,1511706144
356,1002307,2028434,1,1511706173
357,1002307,4078527,1,1511707472
358,1002307,5025522,2,1511793864
359,1002307,4078527,1,1511794070
360,1002307,4762058,1,1511794249
361,1002307,5025522,1,1511794736
362,1002307,4267009,1,1511794787
363,1002307,5025522,1,1511794844
364,1002307,5025522,1,1511795080
365,1002307,5025522,1,1511795407
366,1002307,5025522,1,1511795777
367,1002307,5025522,1,1511796087
368,1002307,5025522,1,1511796387
369,1002307,5025522,1,1511796617
370,1002307,691650,1,1511968382
371,1002307,1094904,2,1511968487
372,1002307,1094904,1,1511968527
373,1002307,4389304,1,1511968636
374,1002307,300124,2,1511968688
375,1002307,2094622,3,1512050473
376,1002307,3739420,1,1512050705
377,1002307,809482,1,1512050768
378,1002307,3739420,1,1512050783
379,1002307,2944683,1,1512050801
380,1002307,3739420,2,1512050924
381,1002307,3569423,2,1512051243
382,1002307,2186401,1,1512051487
383,1002307,2186401,1,1512051822
384,1002307,2324523,1,1512052963
385,1002307,3374210,1,1512053171
386,1002307,2853793,1,1512053214
387,1002307,250498,1,1512054270
388,1002307,5151230,1,1512054313
389,1002307,2451066,1,1512054602
390,1002307,3236572,3,1512055068
391,1002307,69038,3,1512140745
392,1002307,69038,1,1512141010
393,1002307,2028434,3,1512141920
394,1002307,2094622,1,1512221151
395,1002307,3015033,3,1512221652
396,1002307,954365,1,1512221720
397,1002307,3015033,1,1512221838
398,1002307,3938055,3,1512222239
399,1002307,300124,1,1512268871
400,1002307,2028434,1,1512268940
401,1002307,3015033,1,1512269490
402,1002307,954365,1,1512269522
403,1002307,3015033,1,1512269539
404,1002307,954365,4,1512269777
405,1002307,3015033,4,1512269777
406,1002307,2028434,4,1512269777
407,1002307,2094622,1,1512272969
408,1002307,300124,4,1512273757
409,1002307,914196,1,1512309535
410,1002307,2576537,1,1512309766
411,1002307,4211339,1,1512309778
412,100242,1892478,1,1511564751
413,100242,1892478,1,1511564859
414,100242,3944748,1,1511617890
415,100242,4172954,1,1511680868
416,100242,4172954,1,1511681057
417,100242,671147,1,1511681089
418,100242,2456609,1,1511770771
419,100242,2456609,1,1511771100
420,100242,3293396,1,1511771168
421,100242,2456609,1,1511771403
422,100242,3293396,1,1511771508
423,100242,2456609,1,1511771611
424,100242,4583519,2,1511771797
425,100242,2456609,1,1511772376
426,100242,2456609,1,1511772447
427,100242,2456609,1,1511772992
428,100242,2456609,1,1511773909
429,100242,4583519,1,1511780304
430,100242,3293396,1,1511782583
431,100242,956217,1,1511782633
432,100242,3293396,1,1511782901
433,100242,3151670,1,1511783063
434,100242,2456609,1,1511783138
435,100242,213747,1,1511784871
436,100242,2663450,2,1511784928
437,100242,733396,1,1511784943
438,100242,2953293,1,1511785091
439,100242,213747,1,1511785116
440,100242,2744492,1,1511785477
441,100242,1097114,1,1511785564
442,100242,1902907,1,1511785575
443,100242,2820154,1,1511785701
444,100242,1097114,1,1511785797
445,100242,2744492,1,1511787105
446,100242,2953293,1,1511787502
447,100242,2885622,1,1511787640
448,100242,4587532,1,1511789965
449,100242,939494,1,1511790315
450,100242,2953293,4,1511791165
451,100242,671147,1,1511864075
452,100242,4443059,1,1511873207
453,100242,671147,1,1511873506
454,100242,319074,1,1511873716
455,100242,4955650,1,1511873866
456,100242,2533652,1,1511873880
457,100242,2314769,1,1511873913
458,100242,1561692,1,1511873998
459,100242,1854236,1,1511874153
460,100242,1883901,3,1511874407
461,100242,4955650,1,1511911460
462,100242,1854236,1,1511911500
463,100242,5111655,2,1511911658
464,100242,1883901,4,1511911957
465,100242,5111655,4,1511911957
466,100242,4180196,1,1511961912
467,100242,265985,1,1511961966
468,100242,1048127,1,1511961988
469,100242,566202,1,1511962000
470,100242,4848388,1,1511962033
471,100242,3751195,1,1511962080
472,100242,2821705,1,1511962136
473,100242,3768957,1,1511962270
474,100242,3563159,1,1511962317
475,100242,2821705,1,1511962539
476,100242,3563159,1,1511962548
477,100242,2032692,1,1511962554
478,100242,4848388,1,1511962692
479,100242,2485480,1,1511962743
480,100242,2821705,1,1511962767
481,100242,4773596,1,1511962899
482,100242,1937071,1,1511962952
483,100242,4848388,3,1511963144
484,100242,671147,1,1512043603
485,100242,2118482,1,1512044097
486,100242,671147,1,1512044112
487,100242,2028434,1,1512044411
488,100242,2909072,1,1512044428
489,100242,3840220,1,1512044714
490,100242,3608090,2,1512044800
491,100242,671147,1,1512044802
492,100242,320194,2,1512045153
493,100242,671147,1,1512045155
494,100242,671147,1,1512045190
495,100242,320194,1,1512045288
496,100242,2157985,1,1512045367
497,100242,671147,1,1512045637
498,100242,4848388,1,1512046089
499,100242,671147,1,1512046110
500,100242,320194,1,1512046326
501,100242,2953293,1,1512047118
502,100242,671147,4,1512048779
503,100242,4443059,1,1512132494
504,100242,3003830,1,1512132594
505,100242,5111655,1,1512303191
506,100242,1883901,1,1512303228
507,100242,2008710,1,1512303903
508,100242,2008710,2,1512304521
509,100242,4217275,1,1512304933
510,100242,733290,1,1512305630
511,100242,2008710,3,1512306260
512,1002696,75120,1,1511600466
513,1002696,138964,2,1511610465
514,1002696,2331370,1,1511615721
515,1002696,4978574,1,1511615774
516,1002696,4978574,1,1511615855
517,1002696,1836513,1,1511690912
518,1002696,2201805,1,1511691217
519,1002696,1836513,1,1511691299
520,1002696,1836513,1,1511691592
521,1002696,4492549,1,1511691597
522,1002696,3526954,1,1511691623
523,1002696,3526954,1,1511691749
524,1002696,3526954,1,1511710272
525,1002696,3526954,1,1511710365
526,1002696,3526954,1,1511710374
527,1002696,3526954,1,1511710486
528,1002696,3526954,1,1511710533
529,1002696,3845720,1,1511710705
530,1002696,3526954,3,1511711050
531,1002696,3485618,1,1511711060
532,1002696,3485618,3,1511711243
533,1002696,3485618,1,1511741536
534,1002696,3485618,2,1511741825
535,1002696,3526954,1,1511741831
536,1002696,3526954,1,1511741850
537,1002696,2331370,1,1511782937
538,1002696,3403515,1,1511868477
539,1002696,745433,1,1511868509
540,1002696,3941303,1,1511868668
541,1002696,4271826,1,1511868864
542,1002696,4769788,1,1511869006
543,1002696,4769788,1,1511869366
544,1002696,792015,1,1511869415
545,1002696,1014043,1,1511869439
546,1002696,1881013,1,1511869444
547,1002696,4006125,1,1511869453
548,1002696,2167125,1,1511933241
549,1002696,3840397,1,1511933322
550,1002696,3244515,1,1511934057
551,1002696,737702,1,1511992806
552,1002696,737702,1,1511992897
553,1002696,2512290,1,1512173882
554,1002696,3720358,1,1512211330
555,1002696,2457207,1,1512211363
556,1002696,4007539,1,1512211409
557,1002696,75120,1,1512211447
558,1002696,3461455,1,1512211478
559,1002696,4299571,1,1512211551
560,1002696,75120,1,1512211559
561,1002696,240295,1,1512211567
562,1002696,2318646,1,1512211600
563,1002696,4832440,1,1512211776
564,1002696,2924054,1,1512219651
565,1002696,1665234,1,1512220111
566,1002696,4832440,1,1512270290
567,1002696,3018450,1,1512270526
568,1002696,1906628,1,1512270654
569,1002696,4832440,2,1512270697
570,1002696,1937251,1,1512270722
571,1002696,4832440,1,1512307104
572,1002696,2318646,1,1512307131
573,1003221,4268151,1,1511589225
574,1003221,1809677,1,1511710412
575,1003221,191709,1,1511710490
576,1003221,1009464,1,1511710550
577,1003221,474890,1,1511710695
578,1003221,191709,3,1511710772
579,1003221,1590482,1,1511710980
580,1003221,191709,1,1511711200
581,1003221,2505633,1,1512222861
582,1003221,4551433,1,1512222927
583,1003221,4615428,2,1512223026
584,1003221,2505633,1,1512223093
585,1003221,1426480,1,1512223322
586,1003221,3847054,1,1512223442
587,1003221,4551433,3,1512223699
588,1003221,4615428,1,1512223739
589,1003221,777173,1,1512223818
590,1003221,2505633,1,1512223837
591,1003221,499628,1,1512224423
592,1003221,1045660,1,1512224476
593,1003221,4551433,1,1512224666
594,1003221,4615428,1,1512224739
595,1003221,4551433,1,1512224819
596,1003221,2772556,1,1512225081
597,1003221,4551433,1,1512225121
598,1003221,931971,1,1512225209
599,1003221,4551433,1,1512225215
600,1003221,4551433,1,1512225374
601,1003221,931971,1,1512225447
602,1003221,4551433,1,1512225507
603,1003221,2772556,3,1512225682
604,1003221,4551433,1,1512225690
605,1003221,4551433,1,1512225888
606,1003221,4615428,1,1512226036
607,1003221,4551433,1,1512226070
608,1003221,4615428,1,1512226082
609,1003221,4551433,1,1512226115
610,1003221,4615428,1,1512226679
611,1003221,3411405,3,1512227015
612,1003221,2145943,3,1512227061
613,1003221,3411405,1,1512227172
614,1003221,3373214,1,1512228613
615,1003221,3411405,1,1512228652
616,1003221,3411405,1,1512228685
617,1003221,2711326,1,1512228692
618,1003221,3411405,1,1512228737
619,1003221,2772556,1,1512280672
620,1003221,2145943,1,1512280744
621,1003221,2772556,1,1512295138
622,1003221,3411405,1,1512298301
623,1003221,2145943,1,1512298318
624,1003221,4551433,1,1512298340
625,1003221,2145943,1,1512298447
626,1003221,2772556,1,1512298502
627,1003221,2145943,1,1512298618
628,1003221,2772556,1,1512298687
629,1003221,2145943,1,1512298702
630,1003221,4551433,1,1512298734
631,1003221,2772556,1,1512298762
632,1003221,2145943,1,1512298773
633,1003221,2772556,1,1512298799
634,1003221,2145943,1,1512298841
635,1003221,2772556,1,1512298852
636,1003221,2145943,1,1512298855
637,1003221,2772556,1,1512299128
638,1003221,4551433,1,1512299277
639,1003221,499628,1,1512306554
640,1003221,959587,1,1512306628
641,1003550,4401011,1,1511594830
642,1003550,3822002,1,1511597032
643,1003550,3004746,1,1511597135
644,1003550,4818203,1,1511597169
645,1003550,274924,1,1511597211
646,1003550,3533500,1,1511597254
647,1003550,2036420,1,1511597282
648,1003550,3533500,1,1511597351
649,1003550,2036420,1,1511597397
650,1003550,274924,1,1511597421
651,1003550,4818203,1,1511597429
652,1003550,3513369,1,1511597441
653,1003550,636630,1,1511597525
654,1003550,3829251,1,1511597535
655,1003550,274924,1,1511597574
656,1003550,4846705,1,1511597577
657,1003550,3533500,1,1511597585
658,1003550,636630,1,1511597615
659,1003550,636630,4,1511597931
660,1003550,636630,1,1511598000
661,1003550,1036148,1,1511598638
662,1003550,2667082,1,1511609474
663,1003550,4163600,1,1511657898
664,1003550,4531940,1,1511698547
665,1003550,77819,1,1511698612
666,1003550,957957,1,1511698753
667,1003550,2692568,1,1511698785
668,1003550,52487,1,1511698831
669,1003550,4963682,1,1511698835
670,1003550,4158852,1,1511698840
671,1003550,2821993,1,1511698845
672,1003550,2692568,3,1511698916
673,1003550,1570087,1,1511747442
674,1003550,2887571,1,1511747543
675,1003550,3432097,1,1511762068
676,1003550,5083191,1,1511762075
677,1003550,131720,1,1511762260
678,1003550,2567715,3,1511762292
679,1003550,3381330,1,1511762569
680,1003550,3183557,1,1511762642
681,1003550,1838487,1,1511845492
682,1003550,4360410,1,1511845510
683,1003550,3869888,1,1511845562
684,1003550,1838487,1,1511845585
685,1003550,390543,1,1511846752
686,1003550,1838487,1,1511847998
687,1003550,2157637,1,1511848164
688,1003550,2157637,1,1511848810
689,1003550,1838487,1,1511848885
690,1003550,4531940,1,1511848958
691,1003550,2608415,1,1511854114
692,1003550,2708797,1,1511879739
693,1003550,1952529,1,1511880185
694,1003550,1358099,1,1511880279
695,1003550,3562212,1,1511880458
696,1003550,46810,1,1511922668
697,1003550,2058065,1,1512131112
698,1003550,923697,1,1512131466
699,1003550,2567715,1,1512179670
700,1003550,694221,1,1512181907
701,1003550,624078,1,1512182877
702,100451,2452369,1,1511575221
703,100451,2452369,1,1511596286
704,100451,2077361,1,1511596396
705,100451,2452369,1,1511596485
706,100451,2452369,1,1511608515
707,100451,2452369,1,1511615695
708,100451,2452369,1,1511655176
709,100451,771658,3,1511662212
710,100451,893042,1,1511662467
711,100451,771658,4,1511662712
712,100451,4165867,1,1511662786
713,100451,3276360,3,1511662855
714,100451,771658,1,1511663505
715,100451,3276360,1,1511663555
716,100451,771658,1,1511664097
717,100451,2452369,1,1511682070
718,100451,2614361,1,1511704019
719,100451,771658,1,1511709326
720,100451,3276360,1,1511751458
721,100451,2452369,1,1511751466
722,100451,2614361,1,1511752735
723,100451,2452369,1,1511765224
724,100451,2031896,1,1511765233
725,100451,860065,1,1511767051
726,100451,395399,1,1511768226
727,100451,2077361,1,1511838237
728,100451,2452369,1,1511872828
729,100451,771658,1,1511918543
730,100451,3276360,1,1511918594
731,100451,2452369,1,1511938189
732,100451,3941787,1,1511938197
733,100451,2452369,1,1511938236
734,100451,2452369,1,1511939432
735,100451,224045,1,1511954613
736,100451,4113700,3,1511954760
737,100451,4622487,1,1512003670
738,100451,771658,1,1512003964
739,100451,5149791,1,1512005263
740,100451,3172411,3,1512005452
741,100451,3172411,1,1512018698
742,100451,4113700,1,1512028298
743,100451,2614361,1,1512059456
744,100451,2452369,1,1512086236
745,100451,228237,1,1512086494
746,100451,2452369,1,1512107474
747,100451,342787,1,1512183445
748,100451,342787,1,1512183543
749,100451,2495201,1,1512183999
750,100451,2495201,1,1512184088
751,100451,1942046,1,1512197439
752,100451,3784495,1,1512197472
753,100451,4377992,3,1512260216
754,100451,4377992,1,1512277721
755,100451,363858,1,1512304701
756,100451,781519,1,1512304832
757,100451,1444258,1,1512304921
758,100451,363858,1,1512305152
759,100451,602041,1,1512305407
760,100451,342787,1,1512305414
761,100451,1335483,1,1512305585
762,100451,4377992,1,1512305945
763,100451,4763785,1,1512306411
764,1004572,2187344,1,1511566547
765,1004572,1194970,1,1511612251
766,1004572,5111041,1,1511612618
767,1004572,561935,1,1511612800
768,1004572,5111041,1,1511612820
769,1004572,3534779,1,1511612889
770,1004572,1194970,4,1511613276
771,1004572,1073564,1,1511613653
772,1004572,4149349,1,1511614603
773,1004572,1737992,1,1511616030
774,1004572,1224826,1,1511649574
775,1004572,1024178,1,1511649813
776,1004572,1224826,1,1511649843
777,1004572,1224826,1,1511650017
778,1004572,1224826,4,1511651632
779,1004572,345886,1,1511665299
780,1004572,4162576,1,1511699739
781,1004572,726505,1,1511699819
782,1004572,4641486,1,1511699866
783,1004572,4641486,1,1511700056
784,1004572,4997472,1,1511700240
785,1004572,4997472,1,1511700750
786,1004572,2144514,1,1511705907
787,1004572,4315442,1,1511741851
788,1004572,24834,1,1511830499
789,1004572,2216143,1,1511836047
790,1004572,1188838,1,1511862166
791,1004572,4746874,1,1511862632
792,1004572,4746874,1,1511862723
793,1004572,2216143,1,1511864173
794,1004572,24834,1,1511864258
795,1004572,2216143,1,1511864428
796,1004572,24834,1,1511864689
797,1004572,4263517,1,1511865047
798,1004572,3648472,1,1511866491
799,1004572,4515264,1,1511866650
800,1004572,1234236,1,1511879271
801,1004572,3807759,1,1511879315
802,1004572,1234236,1,1511879986
803,1004572,3807759,1,1511880587
804,1004572,3807759,1,1511881166
805,1004572,996987,1,1511881339
806,1004572,1234236,1,1512041142
807,1004572,1234236,1,1512041173
808,1004572,3807759,1,1512041235
809,1004572,3992074,1,1512044715
810,1004572,4551433,1,1512081295
811,1004572,2505633,1,1512081317
812,1004572,133211,1,1512081334
813,1004572,4615428,1,1512081363
814,1004572,499628,1,1512088178
815,1004572,133211,1,1512088207
816,1004572,3411405,1,1512088223
817,1004572,4551433,1,1512088445
818,1004572,2505633,1,1512088490
819,1004572,309530,1,1512088519
820,1004572,499628,1,1512088536
821,1004572,1660583,1,1512088652
822,1004572,3294260,1,1512099305
823,1004572,3672794,1,1512099425
824,1004572,3294260,1,1512099472
825,1004572,133211,1,1512106091
826,1004572,3294260,1,1512201965
827,1004572,4551433,1,1512296524
828,1004572,1624042,1,1512296685
829,1004572,4551433,1,1512296789
830,1004572,2505633,1,1512296924
831,1004572,1660583,1,1512297115
832,1004572,1426480,1,1512297175
833,1004572,4615428,1,1512297321
834,1004572,1045660,1,1512297461
835,1004572,4615428,1,1512297577
836,1004572,1045660,1,1512297598
837,1005452,3012274,1,1511576254
838,1005452,1441418,1,1511794798
839,1005452,5024910,1,1511837893
840,1005452,1296798,1,1511837902
841,1005452,747736,1,1511837976
842,1005452,2219368,1,1511838121
843,1005452,3601196,3,1511838586
844,1005452,4017350,1,1511932428
845,1005452,3012274,1,1511968111
846,1005452,1289246,1,1512037826
847,1005452,354971,1,1512040385
848,1005452,2944745,1,1512040388
849,1005452,5156164,1,1512040413
850,1005452,354971,1,1512040416
851,1005452,5156164,1,1512040429
852,1005452,3569423,1,1512040529
853,1005452,3088073,1,1512040574
854,1005452,592385,1,1512040911
855,1005452,4230018,1,1512040939
856,1005452,3000506,1,1512044241
857,1005452,1319220,1,1512048446
858,1005452,747736,1,1512048467
859,1005452,747736,1,1512048496
860,1005452,747736,1,1512048636
861,1005452,3502062,2,1512049404
862,1005452,3717378,1,1512049439
863,1005452,2219368,1,1512049621
864,1005452,1036148,1,1512049776
865,1005452,373357,1,1512049779
866,1005452,2307951,1,1512050590
867,1005452,100572,1,1512050610
868,1005452,4975426,1,1512050628
869,1005452,2944745,1,1512053819
870,1005452,354971,1,1512053886
871,1005452,2944745,1,1512053889
872,1005452,2944745,1,1512054028
873,1005452,354971,1,1512054082
874,1005452,354971,1,1512054195
875,1005452,2944745,3,1512054242
876,1005452,2944745,1,1512054367
877,1005452,354971,3,1512054482
878,1005452,354971,1,1512054536
879,1005452,2944745,1,1512054573
880,1005452,354971,1,1512054590
881,1005452,2944745,1,1512054609
882,1005452,354971,1,1512054628
883,1005452,535196,1,1512054657
884,1005452,354971,1,1512054659
885,1005452,2944745,1,1512054665
886,1005452,2944745,1,1512054686
887,1005452,354971,1,1512054693
888,1005452,2944745,1,1512054702
889,1005452,2944745,1,1512054800
890,1005452,2944745,1,1512054826
891,1005452,354971,1,1512054834
892,1005452,2944745,1,1512054838
893,1005452,354971,3,1512054918
894,1005452,354971,1,1512055207
895,1005452,5026569,1,1512100534
896,1005452,5026569,1,1512100571
897,1005452,814095,1,1512101229
898,1005452,1289246,1,1512130871
899,1005452,1596089,1,1512130931
900,1005452,2099112,1,1512130935
901,1005452,860607,1,1512130963
902,1005452,1289246,1,1512131291
903,1005452,4418560,1,1512131536
904,1005452,4531940,1,1512131751
905,1005452,3312914,1,1512131761
906,1005452,940721,1,1512132368
907,1005452,2099112,1,1512133389
908,1005452,3477139,1,1512136752
909,1005452,4515824,1,1512136756
910,1005452,4810522,1,1512136776
911,1005452,2183397,1,1512174485
912,1005452,1206790,1,1512174512
913,1005452,3930749,1,1512230709
914,1005545,4637129,1,1511577906
915,1005545,4637129,1,1511577928
916,1005545,4637129,1,1511577938
917,1005545,3840220,1,1511578266
918,1005545,4637129,1,1511579387
919,1005545,2560262,1,1511603974
920,1005545,4637129,1,1511680175
921,1005545,3840220,1,1511680181
922,1005545,860065,1,1511680508
923,1005545,2818406,1,1511680527
924,1005545,465433,1,1511680570
925,1005545,1402604,1,1511680604
926,1005545,1706873,1,1511680675
927,1005545,1791949,1,1511680689
928,1005545,2591004,1,1511680702
929,1005545,1505783,3,1511680863
930,1005545,2534671,1,1511680946
931,1005545,692610,1,1511680959
932,1005545,3030785,1,1511681001
933,1005545,1534053,3,1511681063
934,1005545,1437122,1,1511681458
935,1005545,1505783,1,1511746554
936,1005545,1916629,1,1511746593
937,1005545,2862052,1,1511916650
938,1005545,2078176,1,1511943205
939,1005545,110365,1,1511943231
940,1005545,2630535,3,1511943355
941,1005545,3685477,1,1511951519
942,1005545,1438728,1,1511951539
943,1005545,426759,3,1511951584
944,1005545,4959021,1,1511962309
945,1005545,2036420,1,1511962360
946,1005545,2738626,1,1511962429
947,1005545,87164,1,1511962523
948,1005545,2135607,1,1511962560
949,1005545,4490327,1,1511962642
950,1005545,2295807,1,1511962664
951,1005545,247914,1,1512093544
952,1005545,947211,1,1512093788
953,1005545,1989190,1,1512123549
954,1005545,4752029,1,1512123855
955,1005545,5061759,1,1512123937
956,1005545,2953264,3,1512124409
957,1005545,4978005,1,1512130614
958,1005545,5061759,1,1512130626
959,1005545,2047347,1,1512130665
960,1005545,2953264,1,1512130695
961,1005545,2629942,1,1512130716
962,1005545,5061759,3,1512130951
963,1005545,4978005,1,1512131042
964,1005545,2629942,1,1512131084
965,1005545,4971761,3,1512131535
966,1005545,2857790,1,1512131558
967,1005545,860237,1,1512131571
968,1005545,2953264,1,1512131665
969,1005545,1418619,1,1512131874
970,1005545,3840220,1,1512131893
971,1005545,671147,1,1512132012
972,1005545,2324443,1,1512132299
973,1005545,1430026,1,1512132329
974,1005545,4490327,1,1512266915
975,1005545,2135607,1,1512266956
976,1005545,87164,1,1512267015
977,1005545,426759,1,1512267053
978,1005545,426759,4,1512268266
979,1005545,2560262,1,1512269367
980,1005545,426759,1,1512310062
981,1005681,4508684,3,1511581788
982,1005681,3708457,1,1511583056
983,1005681,3232328,1,1511583060
984,1005681,2933987,1,1511583069
985,1005681,1037004,1,1511596832
986,1005681,1275702,1,1511596871
987,1005681,1037004,1,1511596883
988,1005681,4091349,1,1511597122
989,1005681,3990990,1,1511597431
990,1005681,2303234,1,1511597808
991,1005681,4587532,1,1511597998
992,1005681,166367,1,1511598052
993,1005681,2303234,1,1511598096
994,1005681,166367,1,1511598172
995,1005681,72395,1,1511598271
996,1005681,4200863,1,1511598331
997,1005681,809370,3,1511598629
998,1005681,809370,1,1511598682
999,1005681,2688385,1,1511619427
1000,1005681,1037004,1,1511663992
1001,1005681,2463117,1,1511664629
1002,1005681,2692125,1,1511665888
1003,1005681,2848150,1,1511668587
1004,1005681,1360115,1,1511668635
1005,1005681,2502389,1,1511669002
1006,1005681,2046372,1,1511669164
1007,1005681,2046372,1,1511669192
1008,1005681,4983944,1,1511669265
1009,1005681,2038760,1,1511669278
1010,1005681,3677049,1,1511671009
1011,1005681,4983944,1,1511679763
1012,1005681,5121807,1,1511680335
1013,1005681,1037004,1,1511684688
1014,1005681,159346,1,1511686765
1015,1005681,159346,1,1511686845
1016,1005681,5124528,1,1511759920
1017,1005681,245528,1,1511760855
1018,1005681,1037004,1,1511763373
1019,1005681,1070586,1,1511764098
1020,1005681,809370,1,1511764174
1021,1005681,1037004,1,1511774816
1022,1005681,4152963,1,1511775092
1023,1005681,275396,1,1511792902
1024,1005681,275396,1,1511792909
1025,1005681,275396,1,1511793006
1026,1005681,3783464,1,1511883276
1027,1005681,141826,3,1511942223
1028,1005681,1707534,1,1511942386
1029,1005681,1088998,1,1511942388
1030,1005681,1088998,1,1511942459
1031,1005681,891289,3,1511942709
1032,1005681,3836557,1,1511945039
1033,1005681,2032668,3,1511945124
1034,1005681,1962765,1,1511966813
1035,1005681,4678791,3,1511966851
1036,1005681,2846286,1,1511969541
1037,1005681,297610,1,1512048190
1038,1005681,4976147,1,1512048324
1039,1005681,4678791,1,1512048912
1040,1005681,4091349,1,1512048997
1041,1005681,3990990,1,1512049036
1042,1005681,1037004,1,1512138377
1043,1005681,1275702,1,1512138537
1044,1005681,4678791,1,1512202564
1045,1005681,690706,1,1512203594
1046,1005681,4927984,1,1512222115
1047,1005945,4460093,1,1511695561
1048,1005945,2780673,1,1511696142
1049,1005945,1583704,1,1511712682
1050,1005945,2421709,1,1511712881
1051,1005945,1989476,1,1511833730
1052,1005945,812879,1,1511905084
1053,1005945,68814,1,1511905201
1054,1005945,297610,1,1511905234
1055,1005945,2006551,1,1511905436
1056,1005945,297610,1,1511905476
1057,1005945,812879,1,1511905686
1058,1005945,3783464,1,1511918941
1059,1005945,297610,1,1511919111
1060,1005945,297610,1,1511919139
1061,1005945,4293038,1,1511919264
1062,1005945,3958329,1,1511919737
1063,1005945,4274573,1,1511919755
1064,1005945,674193,1,1511919795
1065,1005945,372144,1,1511919850
1066,1005945,5114389,1,1511919877
1067,1005945,3111522,1,1511919979
1068,1005945,1848520,1,1511920018
1069,1005945,2444790,1,1511920063
1070,1005945,3990990,1,1511920104
1071,1005945,3845720,1,1511920169
1072,1005945,3930730,1,1511920635
1073,1005945,3783464,1,1512024668
1074,1005945,5128303,1,1512025959
1075,1005945,4448187,1,1512026007
1076,1005945,812379,1,1512045292
1077,1005945,3805780,1,1512045411
1078,1005945,3563468,1,1512045447
1079,1005945,3364115,1,1512045516
1080,1005945,3013917,1,1512045858
1081,1005945,2780673,1,1512046032
1082,1005945,3648097,1,1512096463
1083,1005945,292470,1,1512096716
1084,1005945,3648097,1,1512096881
1085,1005945,367929,1,1512100211
1086,1005945,1879487,1,1512105243
1087,1005945,1808275,1,1512105471
1088,1005945,1894770,1,1512105509
1089,1005945,1879487,1,1512105521
1090,1005945,297610,1,1512107371
1091,1005945,5128303,1,1512107380
1092,1005945,812879,1,1512107419
1093,1005945,297610,1,1512107496
1094,1005945,730246,1,1512107509
1095,1005945,3708121,1,1512107548
1096,1005945,3920968,1,1512107567
1097,1005945,1989476,1,1512107650
1098,1005945,4448187,1,1512107654
1099,1005945,68814,1,1512107821
1100,1005945,2530033,1,1512107857
1101,1005945,3920968,1,1512107941
1102,1005945,1419243,1,1512108084
1103,1005945,4649427,1,1512108096
1104,1005945,3783464,1,1512108114
1105,1005945,3084376,1,1512108348
1106,1005945,2006551,1,1512108570
1107,1005945,3708121,1,1512108581
1108,1005945,3712542,1,1512108930
1109,1005945,4448187,1,1512127925
1110,1005945,1684440,1,1512194654
1111,1005945,4676678,1,1512194683
1112,1005945,2601044,1,1512194727
1113,1005945,2437517,1,1512194798
1114,1005945,1399650,1,1512194863
1115,1005945,4544013,1,1512194907
1116,1005945,2437517,1,1512194954
1117,1005945,2238605,1,1512194971
1118,1005945,4515824,1,1512195132
1119,1005945,4515824,1,1512195344
1120,1005945,772414,1,1512195586
1121,1005945,3364115,1,1512196485
1122,1005945,1848520,1,1512196524
1123,1005945,3364115,1,1512196827
1124,1005945,3364115,1,1512197075
1125,1005945,3364115,1,1512197295
1126,1005945,812879,1,1512197397
1127,1005945,1989476,1,1512197455
1128,1005945,297610,1,1512197466
1129,1005945,3084376,1,1512197477
1130,1005945,1275702,1,1512197553
1131,1005945,1275702,1,1512197708
1132,1005945,297610,1,1512197725
1133,1005945,4293038,1,1512197770
1134,1005945,2101968,1,1512211109
1135,1005945,2601044,1,1512211128
1136,1005945,2437517,1,1512211196
1137,1005945,2437517,1,1512211261
1138,1005945,4544013,1,1512211270
1139,1005945,3477139,1,1512211311
1140,1005945,297610,1,1512211367
1141,1005945,297610,1,1512211445
1142,1005945,4515824,1,1512296398
1143,1005945,2101968,1,1512296486
1144,1005945,223790,1,1512296506
1145,1005945,2437517,1,1512296555
1146,1005945,1275702,1,1512296618
1147,1005945,1989476,1,1512297291
1148,1005945,1419243,1,1512297337
1149,1005945,2780673,1,1512298130
1150,1005945,2485096,1,1512298639
1151,1005945,812379,1,1512300632
1152,1006084,2934569,1,1511665073
1153,1006084,219239,1,1511665080
1154,1006084,2934569,1,1511665084
1155,1006084,219239,1,1511665121
1156,1006084,2934569,1,1511694295
1157,1006084,219239,1,1511694339
1158,1006084,309605,1,1511698665
1159,1006084,3244134,1,1511870623
1160,1006084,2157985,1,1511870631
1161,1006084,3850194,1,1511870636
1162,1006084,1863969,1,1511870642
1163,1006084,2781924,1,1511870650
1164,1006084,1629939,1,1511870663
1165,1006084,1696967,1,1511870705
1166,1006084,1696967,1,1512022956
1167,1006084,1863969,1,1512022986
1168,1006084,3850194,1,1512023011
1169,1006084,3244134,1,1512023017
1170,1006084,1629939,1,1512023092
1171,1006084,1696967,1,1512023140
1172,1006084,4839658,1,1512025387
1173,1006084,2398641,1,1512025397
1174,1006084,4443059,1,1512025465
1175,1006084,3374210,1,1512025724
1176,1006084,3850194,1,1512026514
1177,1006084,1629939,1,1512026535
1178,1006084,3374210,1,1512026631
1179,1006084,627906,1,1512026750
1180,1006084,3374210,1,1512027582
1181,1006084,5142562,1,1512028216
1182,1006084,2781924,1,1512043237
1183,1006084,1696967,1,1512043255
1184,1006084,1696967,1,1512043320
1185,1006084,1696967,1,1512044376
1186,1006084,4333740,1,1512044767
1187,1006084,2380658,1,1512049072
1188,1006084,1109331,1,1512049561
1189,1006084,4333740,1,1512050141
1190,1006084,1109331,1,1512050819
1191,1006084,2380658,1,1512108415
1192,1006084,1629939,1,1512108468
1193,1006084,1109331,1,1512120474
1194,1006084,1109331,1,1512120726
1195,1006084,2380658,1,1512120796
1196,1006084,1629939,1,1512122787
1197,1006084,3941787,3,1512123738
1198,1006084,1942046,1,1512126342
1199,1006084,3941787,1,1512126563
1200,1006084,2380658,1,1512128642
1201,1006084,2380658,1,1512128880
1202,1006084,2380658,1,1512129057
1203,1006084,2380658,1,1512129130
1204,1006084,2380658,1,1512129415
1205,1006084,3941787,1,1512129489
1206,1006084,2380658,1,1512129908
1207,1006084,1942046,1,1512136450
1208,1006084,3749068,1,1512181985
1209,1006084,2380658,1,1512182613
1210,1006084,1696967,1,1512182626
1211,1006084,2380658,1,1512182675
1212,1006084,2380658,1,1512182767
1213,1006084,2157985,1,1512182798
1214,1006084,3244134,1,1512182804
1215,1006084,3850194,1,1512182812
1216,1006084,1863969,1,1512182821
1217,1006084,3850194,1,1512211982
1218,1006084,2380658,1,1512212055
1219,1006084,3749068,1,1512212235
1220,1006084,902176,1,1512214014
1221,1006084,3593600,1,1512214599
1222,1006084,3941787,1,1512267912
1223,1006084,2380658,3,1512268454
1224,1006084,2380658,1,1512268521
1225,1006084,1541734,1,1512293331
1226,1006084,1541734,3,1512293359
1227,1006084,2380658,1,1512294718
1228,1006084,5142562,1,1512295335
1229,1006084,5057288,1,1512295403
1230,1006084,1479420,1,1512295413
1231,1006084,2380658,1,1512295430
1232,1006084,5142562,1,1512300085
1233,1006141,4472517,1,1511570864
1234,1006141,1795596,1,1511582451
1235,1006141,1795596,1,1511583559
1236,1006141,5121807,1,1511651085
1237,1006141,2878537,1,1511651144
1238,1006141,3996382,1,1511651169
1239,1006141,4391945,1,1511651195
1240,1006141,2310233,1,1511651232
1241,1006141,1715813,1,1511651241
1242,1006141,4640069,1,1511651307
1243,1006141,611478,1,1511653518
1244,1006141,1691083,1,1511663922
1245,1006141,611478,4,1511664156
1246,1006141,2878537,1,1511664184
1247,1006141,611478,1,1511664189
1248,1006141,5121807,1,1511664211
1249,1006141,4640069,1,1511666144
1250,1006141,611478,1,1511691947
1251,1006141,611478,1,1511704362
1252,1006141,582970,1,1511704542
1253,1006141,1622731,1,1511705026
1254,1006141,4320853,1,1511737813
1255,1006141,1034594,4,1511775568
1256,1006141,1340005,1,1511850721
1257,1006141,1034594,1,1511917640
1258,1006141,918325,1,1512057602
1259,1006141,918325,4,1512057987
1260,1006141,4308558,1,1512102546
1261,1006141,3272785,1,1512102575
1262,1006141,3272785,1,1512102734
1263,1006141,3272785,4,1512102933
1264,1006141,3272785,1,1512111228
1265,1006141,5122568,1,1512117893
1266,1006141,3328301,1,1512118010
1267,1006141,2508159,1,1512118084
1268,1006141,269883,1,1512118118
1269,1006141,5122568,1,1512118262
1270,1006141,2508159,1,1512118360
1271,1006141,4872277,1,1512118388
1272,1006141,2544598,1,1512118423
1273,1006141,4839808,1,1512118456
1274,1006141,5122568,4,1512118894
1275,1006141,3664463,1,1512141640
1276,1006141,4520953,1,1512141723
1277,1006141,3664463,1,1512141757
1278,1006141,4520953,1,1512141782
1279,1006141,3664463,1,1512141812
1280,1006141,3664463,1,1512141902
1281,1006141,1612940,1,1512141964
1282,1006141,2279679,1,1512142087
1283,1006141,1340005,1,1512142154
1284,1006141,1340005,3,1512142411
1285,1006141,4113589,1,1512144051
1286,1006141,4056796,1,1512144236
1287,1006141,3616890,1,1512144343
1288,1006141,2515900,1,1512144379
1289,1006141,4113589,1,1512144473
1290,1006141,4056796,1,1512144517
1291,1006141,3616890,1,1512144537
1292,1006141,4113589,1,1512144954
1293,1006141,3616890,1,1512144965
1294,1006141,3616890,4,1512145632
1295,1006141,3616890,4,1512173014
1296,1006141,284053,1,1512174295
1297,1006141,5121807,1,1512174320
1298,1006141,3616890,1,1512197791
1299,1006141,5122568,1,1512197817
1300,1006141,2878537,1,1512206402
1301,1006141,3197165,1,1512206576
1302,1006141,3197165,1,1512206755
1303,1006261,1459442,1,1511581593
1304,1006261,5067875,1,1511581607
1305,1006261,2985484,1,1511658861
1306,1006261,1541734,1,1511658881
1307,1006261,1860495,1,1511659247
1308,1006261,2818406,2,1511659350
1309,1006261,3055426,1,1511659907
1310,1006261,3504111,3,1511705545
1311,1006261,3615285,1,1511707593
1312,1006261,5146713,1,1511707621
1313,1006261,5146713,1,1511707665
1314,1006261,2436746,1,1511707672
1315,1006261,3935628,1,1511708246
1316,1006261,4199372,1,1511708477
1317,1006261,3615285,1,1511708627
1318,1006261,2480494,1,1511708936
1319,1006261,4225589,1,1511708945
1320,1006261,4308828,1,1511708951
1321,1006261,2480494,1,1511709034
1322,1006261,2505856,2,1511709378
1323,1006261,52487,1,1511737416
1324,1006261,1770204,1,1511737438
1325,1006261,4574698,1,1511737464
1326,1006261,4509510,1,1511737478
1327,1006261,1962782,1,1511737557
1328,1006261,2183397,1,1511737567
1329,1006261,2505649,1,1511762999
1330,1006261,4644144,1,1511791212
1331,1006261,2575122,1,1511791328
1332,1006261,1927830,1,1511926356
1333,1006261,1927830,3,1511926486
1334,1006261,4949161,1,1511926708
1335,1006261,563306,1,1512053336
1336,1006261,4777816,1,1512053427
1337,1006261,2436746,1,1512053458
1338,1006261,1361934,1,1512053518
1339,1006261,3481591,2,1512053703
1340,1006261,3945959,1,1512053726
1341,1006261,2386207,2,1512053812
1342,1006261,2080690,1,1512053849
1343,1006261,229040,1,1512054126
1344,1006261,772414,1,1512054251
1345,1006261,229040,1,1512092642
1346,1006261,1927830,1,1512092771
1347,1006261,1007538,1,1512093176
1348,1006261,1442256,1,1512096354
1349,1006261,3504111,1,1512172795
1350,1006261,760983,1,1512179398
1351,1006261,1770204,1,1512179931
1352,1006261,3675318,1,1512182388
1353,1006261,3675318,1,1512182570
1354,1006261,4574698,1,1512184945
1355,1006261,1459442,1,1512184975
1356,1006261,1459442,1,1512185403
1357,1006261,4975426,2,1512185863
1358,1006261,2850806,1,1512282394
1359,1006261,4507477,3,1512282715
1360,1006261,2006438,1,1512283982
1361,1006261,1154789,1,1512284035
1362,1006261,3945959,1,1512284063
1363,1006261,5067875,1,1512285279
1364,1006469,2856386,1,1511584331
1365,1006469,4199188,3,1511613611
1366,1006469,4290594,1,1511617417
1367,1006469,1426095,1,1511695889
1368,1006469,4978005,1,1511695916
1369,1006469,674193,1,1511695999
1370,1006469,692610,3,1511696021
1371,1006469,866111,1,1511696034
1372,1006469,1762339,1,1511696069
1373,1006469,4971761,1,1511696175
1374,1006469,5061759,1,1511696216
1375,1006469,4978005,1,1511696333
1376,1006469,5061759,1,1511696356
1377,1006469,5061759,1,1511696429
1378,1006469,90353,1,1511696631
1379,1006469,2522093,1,1511764686
1380,1006469,1248762,1,1511781888
1381,1006469,301639,1,1511836728
1382,1006469,1001604,1,1511837235
1383,1006469,301639,1,1511837301
1384,1006469,3084376,1,1511878439
1385,1006469,692610,1,1511880323
1386,1006469,4199188,1,1511880329
1387,1006469,3777316,1,1511913000
1388,1006469,4574098,1,1511913101
1389,1006469,3265162,1,1511914464
1390,1006469,1579391,1,1511942857
1391,1006469,3351259,1,1511946090
1392,1006469,2634574,1,1511946303
1393,1006469,4933698,1,1511963151
1394,1006469,692610,1,1511975571
1395,1006469,3655053,1,1512023650
1396,1006469,2174778,1,1512023744
1397,1006469,301639,1,1512033708
1398,1006469,1579391,1,1512034070
1399,1006469,3084376,1,1512056564
1400,1006469,2960739,1,1512126441
1401,1006469,2856386,1,1512189212
1402,1006469,59883,1,1512189271
1403,1006469,2453685,1,1512189292
1404,1006469,1501726,1,1512189356
1405,1006469,4443059,1,1512189375
1406,1006469,775348,1,1512189418
1407,1006469,2909072,1,1512189427
1408,1006469,1535294,1,1512189559
1409,1006469,4392233,1,1512189592
1410,1006469,3049033,1,1512189634
1411,1006469,2264662,1,1512195219
1412,1006469,41508,1,1512195279
1413,1006469,674193,1,1512195294
1414,1006469,3981249,1,1512195304
1415,1006469,5146713,1,1512195420
1416,1006469,3123241,1,1512205684
1417,1006469,5036903,1,1512205703
1418,1006469,4386164,1,1512226545
1419,1006469,301639,1,1512226629
1420,1006469,4417703,1,1512227052
1421,1006469,3216149,1,1512227156
1422,1006469,3695389,1,1512260222
1423,1006469,3968510,1,1512260283
1424,1006469,4456592,1,1512260305
1425,1006469,5146713,1,1512269914
1426,1006469,4386164,1,1512269921
1427,1006745,4701971,1,1511570561
1428,1006745,2353009,1,1511571367
1429,1006745,4701971,1,1511571675
1430,1006745,4701971,1,1511571899
1431,1006745,4701971,4,1511572237
1432,1006745,932794,1,1511572277
1433,1006745,4009322,1,1511572291
1434,1006745,1804623,1,1511572884
1435,1006745,3188907,1,1511576032
1436,1006745,4142409,1,1511581271
1437,1006745,1408491,1,1511586825
1438,1006745,2163089,1,1511587020
1439,1006745,3674301,4,1511587574
1440,1006745,1805343,4,1511588017
1441,1006745,3235155,4,1511606397
1442,1006745,3541746,1,1511616726
1443,1006745,3541746,1,1511618338
1444,1006745,3541746,1,1511618386
1445,1006745,3142142,1,1511780707
1446,1006745,363858,1,1511794256
1447,1006745,2456609,1,1511794299
1448,1006745,2377974,1,1511835120
1449,1006745,3743636,1,1511835270
1450,1006745,4108563,3,1511835591
1451,1006745,2377974,4,1511835744
1452,1006745,4354164,1,1511835849
1453,1006745,705557,1,1511894785
1454,1006745,4142409,1,1511894949
1455,1006745,2964774,1,1511895010
1456,1006745,2402279,1,1511918009
1457,1006745,4401268,4,1511918216
1458,1006745,3309582,1,1511918416
1459,1006745,3142142,1,1511918427
1460,1006745,2073375,1,1511918591
1461,1006745,705557,1,1511918736
1462,1006745,2682781,1,1511918771
1463,1006745,1838487,1,1511918825
1464,1006745,116309,1,1511918837
1465,1006745,4701971,1,1511919228
1466,1006745,1910915,1,1511982446
1467,1006745,4701971,1,1512013648
1468,1006745,935594,1,1512176774
1469,1006745,3749068,1,1512177124
1470,1006745,1562036,1,1512177623
1471,1006745,4401268,1,1512177653
1472,1006745,1562036,1,1512177657
1473,1006745,650042,1,1512178433
1474,1006745,1837049,3,1512178888
1475,1006745,3406342,3,1512179243
1476,1006745,3312914,1,1512183265
1477,1006745,4205964,3,1512183581
1478,1006745,3312914,1,1512184287
1479,1006745,1806381,1,1512185295
1480,1006745,2818406,1,1512185305
1481,1006745,1688652,1,1512185865
1482,1006745,2899675,1,1512192693
1483,1006745,3172432,1,1512192737
1484,1006745,1496934,1,1512197463
1485,1006745,650042,1,1512225648
1486,1006745,1343119,1,1512282940
1487,1006745,3968124,1,1512283578
1488,1006851,1676518,3,1511593247
1489,1006851,1599690,1,1511593302
1490,1006851,1622534,3,1511593349
1491,1006851,1622534,1,1511608453
1492,1006851,3592393,1,1511647066
1493,1006851,2051155,1,1511761847
1494,1006851,138964,1,1511764880
1495,1006851,3017959,1,1511785326
1496,1006851,2312667,1,1511787177
1497,1006851,3017959,1,1511787974
1498,1006851,2312667,1,1511787985
1499,1006851,3017959,1,1511788069
1500,1006851,2312667,1,1511788244
1501,1006851,3017959,1,1511788248
1502,1006851,2312667,1,1511788254
1503,1006851,3017959,3,1511788364
1504,1006851,3017959,4,1511818247
1505,1006851,3017959,1,1511843559
1506,1006851,1622038,1,1511911649
1507,1006851,3017959,1,1511921237
1508,1006851,4719949,3,1511925983
1509,1006851,3886436,3,1511944499
1510,1006851,4436012,3,1511949918
1511,1006851,1382649,3,1511953218
1512,1006851,29827,1,1511989437
1513,1006851,2336952,3,1511989487
1514,1006851,4142409,3,1511992678
1515,1006851,3017959,1,1512001946
1516,1006851,3188907,1,1512002012
1517,1006851,4436012,1,1512002186
1518,1006851,174891,1,1512023770
1519,1006851,4867764,3,1512040222
1520,1006851,2057934,3,1512040247
1521,1006851,2386343,3,1512047505
1522,1006851,5077501,1,1512077240
1523,1006851,5077501,1,1512077522
1524,1006851,4257649,3,1512077778
1525,1006851,3963604,1,1512077901
1526,1006851,3017959,1,1512088150
1527,1006851,4257649,1,1512088348
1528,1006851,3188907,1,1512088360
1529,1006851,992517,1,1512091735
1530,1006851,2582726,3,1512120236
1531,1006851,992517,1,1512126659
1532,1006851,2399380,1,1512126818
1533,1006851,2582726,1,1512128842
1534,1006851,2057934,1,1512128920
1535,1006851,2336952,1,1512128932
1536,1006851,4436012,4,1512130251
1537,1006851,1622534,1,1512130942
1538,1006851,1622534,1,1512163153
1539,1006851,2582726,1,1512180750
1540,1006851,1622534,1,1512180833
1541,1006851,4436012,1,1512191881
1542,1006851,4062582,3,1512214932
1543,1006851,4024409,3,1512219560
1544,1006851,4257649,1,1512254544
1545,1006851,4024409,1,1512279081
1546,1006851,4062582,1,1512279087
1547,1006851,2051155,1,1512294528
1548,1006851,2753150,1,1512302684
1549,1006954,4379992,1,1511615628
1550,1006954,2736942,1,1511615646
1551,1006954,3147410,1,1511615686
1552,1006954,4379992,1,1511615690
1553,1006954,191709,1,1511615693
1554,1006954,2284378,1,1511615698
1555,1006954,1009464,1,1511615703
1556,1006954,74876,1,1511615707
1557,1006954,149734,1,1511615714
1558,1006954,3535363,1,1511615720
1559,1006954,4379992,1,1511615784
1560,1006954,2801764,1,1511615896
1561,1006954,2886733,1,1511615901
1562,1006954,146539,1,1511615927
1563,1006954,3087961,1,1511615941
1564,1006954,4120311,1,1511615961
1565,1006954,2931238,1,1511615974
1566,1006954,1809677,1,1511616013
1567,1006954,877108,1,1511616106
1568,1006954,4053608,1,1511616118
1569,1006954,3878489,4,1511616189
1570,1006954,4427292,1,1511744668
1571,1006954,4427292,1,1511745695
1572,1006954,3087657,1,1511745863
1573,1006954,3975176,1,1511748165
1574,1006954,2964270,1,1511816563
1575,1006954,1824500,1,1511816733
1576,1006954,1131455,1,1511823277
1577,1006954,4029727,1,1511823349
1578,1006954,3309772,1,1511823429
1579,1006954,3465586,1,1511823438
1580,1006954,4846201,1,1511823456
1581,1006954,3392410,1,1511823463
1582,1006954,4029727,1,1511823475
1583,1006954,2491788,1,1511823512
1584,1006954,1177786,1,1511823527
1585,1006954,2414428,1,1511823593
1586,1006954,1672115,1,1511823676
1587,1006954,5009684,1,1511825299
1588,1006954,3836172,1,1511825305
1589,1006954,3129485,1,1511825318
1590,1006954,2968599,1,1511825671
1591,1006954,3395884,1,1511825701
1592,1006954,4830507,1,1511964956
1593,1006954,2968599,1,1511964965
1594,1006954,3395884,1,1511964968
1595,1006954,1727478,1,1511964980
1596,1006954,4830507,1,1511965073
1597,1006954,2968599,1,1511965091
1598,1006954,3395884,1,1511965110
1599,1006954,2100758,1,1511965298
1600,1006954,3395884,1,1511965409
1601,1006954,1614618,1,1511965768
1602,1006954,996769,1,1511965910
1603,1006954,2332155,1,1511965927
1604,1006954,1355829,1,1511965942
1605,1006954,3395884,1,1511966356
1606,1006954,2968599,1,1511966375
1607,1006954,1727478,1,1511966423
1608,1006954,2968599,1,1511966603
1609,1006954,3395884,1,1511966618
1610,1006954,1727478,1,1511966743
1611,1006954,4068668,1,1511966843
1612,1006954,3039726,1,1511966875
1613,1006954,2100758,1,1511966902
1614,1006954,2968599,1,1511967045
1615,1006954,1727478,1,1511967066
1616,1006954,4068668,1,1511967081
1617,1006954,3039726,1,1511967091
1618,1006954,4830507,1,1511967397
1619,1006954,2968599,1,1511967404
1620,1006954,3395884,1,1511967433
1621,1006954,2968599,1,1511967463
1622,1006954,2968599,1,1511967479
1623,1006954,1727478,2,1511967521
1624,1006954,4068668,1,1511967577
1625,1006954,2968599,1,1511967659
1626,1006954,4830507,1,1511967681
1627,1006954,2968599,1,1511967684
1628,1006954,3395884,1,1511967697
1629,1006954,1727478,1,1511967715
1630,1006954,2968599,1,1511969048
1631,1006954,1614618,1,1512025740
1632,1006954,959248,1,1512025808
1633,1006954,4852424,1,1512025882
1634,1006954,1614618,1,1512025916
1635,1006954,959248,1,1512025932
1636,1006954,1614618,1,1512025954
1637,1006954,959248,4,1512026207
1638,1007171,269883,1,1511573784
1639,1007171,1820860,1,1511573968
1640,1007171,4992519,1,1511575626
1641,1007171,2908899,1,1511575965
1642,1007171,4737025,1,1511600988
1643,1007171,2231860,1,1511609008
1644,1007171,4792517,1,1511609032
1645,1007171,2691161,1,1511609327
1646,1007171,1798512,1,1511609679
1647,1007171,2007951,1,1511609978
1648,1007171,3419383,1,1511610080
1649,1007171,2869967,1,1511681707
1650,1007171,3722681,1,1511682049
1651,1007171,3077270,1,1511682252
1652,1007171,2336983,1,1511683120
1653,1007171,1645054,1,1511684153
1654,1007171,1620133,1,1511684536
1655,1007171,1811685,1,1511685519
1656,1007171,5025583,1,1511685605
1657,1007171,1117157,3,1511686595
1658,1007171,1741841,1,1511687264
1659,1007171,1645054,1,1511699834
1660,1007171,3011157,1,1511701105
1661,1007171,4815843,1,1511777676
1662,1007171,3582893,3,1511778395
1663,1007171,714660,1,1511780785
1664,1007171,4147382,1,1511869237
1665,1007171,2896153,1,1511869271
1666,1007171,544849,1,1511869522
1667,1007171,2828518,1,1511870143
1668,1007171,410893,1,1511870676
1669,1007171,2634936,1,1511871682
1670,1007171,3395909,1,1511875673
1671,1007171,3419383,3,1511948312
1672,1007171,3419383,1,1511948465
1673,1007171,3419383,1,1511956727
1674,1007171,2076430,1,1511959760
1675,1007171,2228936,1,1511959793
1676,1007171,2228936,1,1511960951
1677,1007171,2228936,1,1511961152
1678,1007171,3419383,4,1511999085
1679,1007171,2899675,1,1512015339
1680,1007171,3909400,1,1512035539
1681,1007171,1239068,1,1512039926
1682,1007171,3363470,1,1512040341
1683,1007171,1645054,1,1512040941
1684,1007171,4095663,1,1512082074
1685,1007171,2414428,1,1512086678
1686,1007171,4595778,1,1512117565
1687,1007171,691650,1,1512122481
1688,1007171,4826619,1,1512122646
1689,1007171,1132988,3,1512125235
1690,1007171,2627199,1,1512126457
1691,1007171,2996051,3,1512126666
1692,1007171,3925560,1,1512128283
1693,1007171,1675623,1,1512128949
1694,1007171,1741162,1,1512129035
1695,1007171,4632721,1,1512129103
1696,1007171,2353009,1,1512129247
1697,1007171,3582893,1,1512188691
1698,1007171,2248082,3,1512203118
1699,1007171,569164,3,1512203314
1700,1007171,4573304,1,1512208953
1701,1007171,4678840,1,1512209902
1702,1007171,569164,1,1512274962
1703,1007171,318287,1,1512278993
1704,1007171,3850423,1,1512283956
1705,1007171,4586413,1,1512286354
1706,1007171,3013917,1,1512287481
1707,1007171,630344,1,1512298483
1708,1007171,3563468,1,1512299605
1709,1007965,601749,1,1511564097
1710,1007965,3669667,1,1511565407
1711,1007965,601749,1,1511566321
1712,1007965,86256,3,1511578347
1713,1007965,1402604,1,1511578415
1714,1007965,86256,1,1511579059
1715,1007965,1402604,1,1511589686
1716,1007965,86256,1,1511589692
1717,1007965,587994,3,1511589914
1718,1007965,587994,1,1511590346
1719,1007965,587994,1,1511602943
1720,1007965,86256,1,1511602948
1721,1007965,587994,1,1511610389
1722,1007965,86256,1,1511610880
1723,1007965,86256,1,1511618927
1724,1007965,3234750,1,1511618982
1725,1007965,866111,1,1511619103
1726,1007965,439480,1,1511619112
1727,1007965,684074,1,1511619408
1728,1007965,1402604,1,1511619523
1729,1007965,4061696,1,1511619531
1730,1007965,674193,1,1511619538
1731,1007965,5057288,1,1511619576
1732,1007965,1706873,1,1511619587
1733,1007965,1598103,1,1511619634
1734,1007965,4456317,1,1511619649
1735,1007965,4416265,1,1511619681
1736,1007965,1109331,1,1511619727
1737,1007965,2744676,1,1511619753
1738,1007965,86256,1,1511649502
1739,1007965,3234750,4,1511652200
1740,1007965,86256,1,1511680471
1741,1007965,3012260,1,1511680552
1742,1007965,1706873,1,1511682385
1743,1007965,4456317,1,1511682418
1744,1007965,619617,1,1511682494
1745,1007965,5142562,1,1511682610
1746,1007965,619617,1,1511685822
1747,1007965,3234750,1,1511695138
1748,1007965,86256,1,1511697878
1749,1007965,2061699,1,1511699793
1750,1007965,2137797,1,1511699811
1751,1007965,5067875,1,1511699840
1752,1007965,2411774,1,1511763747
1753,1007965,2061699,1,1511763814
1754,1007965,619617,3,1511768027
1755,1007965,619617,1,1511775426
1756,1007965,2137797,1,1511783437
1757,1007965,5067875,1,1511783467
1758,1007965,4876800,1,1511783657
1759,1007965,2411774,3,1511784149
1760,1007965,2411774,1,1511784284
1761,1007965,2411774,1,1511833666
1762,1007965,2411774,1,1511833936
1763,1007965,2411774,1,1511834067
1764,1007965,5067875,1,1511834258
1765,1007965,2411774,1,1511846485
1766,1007965,619617,1,1511907535
1767,1007965,2411774,1,1511913888
1768,1007965,619617,1,1511913896
1769,1007965,47344,1,1511913919
1770,1007965,2610699,1,1511928909
1771,1007965,2411774,1,1512014484
1772,1007965,619617,1,1512027680
1773,1007965,842197,1,1512027722
1774,1007965,4916839,1,1512111638
1775,1007965,1770723,1,1512112210
1776,1007965,2340478,1,1512168744
1777,1007965,1596089,1,1512168851
1778,1007965,872713,1,1512178301
1779,1007965,2411774,1,1512181757
1780,1007965,1596089,1,1512199688
1781,1007965,2411774,1,1512213936
1782,1007965,191709,1,1512222239
1783,1007965,2411774,1,1512268224
1784,1007965,1596089,1,1512305120
1785,1007965,439480,1,1512305168
1786,1007965,619617,1,1512309238
1787,1007965,4737025,1,1512309329
1788,1007965,4252808,1,1512309337
1789,1008131,1157253,1,1511564188
1790,1008131,2498280,1,1511564208
1791,1008131,2820520,1,1511564247
1792,1008131,2157985,1,1511602641
1793,1008131,2691064,1,1511647680
1794,1008131,779670,1,1511654851
1795,1008131,228237,1,1511673034
1796,1008131,615553,2,1511716371
1797,1008131,2424232,1,1511724371
1798,1008131,4322404,1,1511787887
1799,1008131,2493493,1,1511788142
1800,1008131,4409284,1,1511801208
1801,1008131,615553,1,1511833796
1802,1008131,615553,4,1511840758
1803,1008131,615553,1,1511873114
1804,1008131,1018866,2,1511895373
1805,1008131,615553,1,1511926867
1806,1008131,3227308,1,1511935259
1807,1008131,1110761,1,1511935278
1808,1008131,1541734,1,1511935420
1809,1008131,2691022,1,1511935437
1810,1008131,1541734,2,1511935475
1811,1008131,2818406,1,1511935568
1812,1008131,730229,1,1511936045
1813,1008131,282672,1,1511951950
1814,1008131,1541734,1,1511958522
1815,1008131,1207370,1,1511995552
1816,1008131,154610,1,1511995613
1817,1008131,4622487,2,1512007689
1818,1008131,5122568,1,1512019377
1819,1008131,4622487,1,1512034613
1820,1008131,1018866,1,1512034926
1821,1008131,5118407,1,1512045272
1822,1008131,3426828,2,1512048519
1823,1008131,4030001,1,1512086376
1824,1008131,1387295,2,1512086731
1825,1008131,2266310,1,1512086991
1826,1008131,2221979,1,1512091598
1827,1008131,872713,1,1512091630
1828,1008131,808558,2,1512092851
1829,1008131,1387295,1,1512092855
1830,1008131,1607685,1,1512092997
1831,1008131,4622487,4,1512111472
1832,1008131,1387295,1,1512111830
1833,1008131,2530033,1,1512123255
1834,1008131,2543947,1,1512124386
1835,1008131,3880947,1,1512124458
1836,1008131,1387295,4,1512133725
1837,1008131,5118407,2,1512133895
1838,1008131,1387295,1,1512134576
1839,1008131,808558,1,1512134584
1840,1008131,3004847,2,1512136064
1841,1008131,5122568,2,1512136902
1842,1008131,4013478,1,1512197097
1843,1008131,872713,1,1512197545
1844,1008131,4013478,1,1512199866
1845,1008131,650042,1,1512201746
1846,1008131,3541746,1,1512201770
1847,1008131,1115610,1,1512201957
1848,1008131,3485061,1,1512202130
1849,1008131,5122568,1,1512210080
1850,1008131,4013478,1,1512223131
1851,1008131,4216407,1,1512309740
1852,1009405,247914,1,1511589809
1853,1009405,195734,1,1511589832
1854,1009405,2157985,1,1511592902
1855,1009405,3183557,1,1511592943
1856,1009405,2364679,1,1511603469
1857,1009405,3751052,1,1511655194
1858,1009405,1894664,1,1511655766
1859,1009405,4443059,1,1511659301
1860,1009405,3835146,1,1511691980
1861,1009405,2911813,1,1511692181
1862,1009405,87843,1,1511692242
1863,1009405,3591220,1,1511695315
1864,1009405,1109331,1,1511788426
1865,1009405,1109331,1,1511788457
1866,1009405,376751,1,1511804501
1867,1009405,4986338,1,1511804521
1868,1009405,2874723,1,1511874560
1869,1009405,1444258,1,1511875422
1870,1009405,656911,1,1511875479
1871,1009405,2397092,1,1511875709
1872,1009405,4475855,1,1511881181
1873,1009405,3013917,1,1511881313
1874,1009405,6311,1,1511881419
1875,1009405,2053106,1,1511881583
1876,1009405,3935628,1,1511883202
1877,1009405,2979334,1,1511912412
1878,1009405,264220,1,1511912511
1879,1009405,288049,1,1511912541
1880,1009405,1016676,1,1511912603
1881,1009405,5148678,1,1511912647
1882,1009405,1805112,1,1511912690
1883,1009405,2979334,1,1511912712
1884,1009405,1016676,1,1511912790
1885,1009405,5148678,1,1511912813
1886,1009405,295289,1,1511912883
1887,1009405,264220,3,1511913061
1888,1009405,3055426,1,1511949621
1889,1009405,3563468,1,1512047361
1890,1009405,602041,1,1512047367
1891,1009405,1487430,4,1512047635
1892,1009405,4111633,1,1512048168
1893,1009405,4111633,1,1512048193
1894,1009405,59883,1,1512048534
1895,1009405,4211339,1,1512048837
1896,1009405,3529591,1,1512090056
1897,1009405,1863969,1,1512090329
1898,1009405,1487430,1,1512100039
1899,1009405,2007951,1,1512108677
1900,1009405,260643,1,1512108784
1901,1009405,3455676,3,1512120024
1902,1009405,3896763,3,1512120112
1903,1009405,3275852,1,1512120118
1904,1009405,401908,1,1512120148
1905,1009405,2240555,1,1512120158
1906,1009405,1894664,1,1512120182
1907,1009405,4637129,1,1512121228
1908,1009405,4637129,1,1512198937
1909,1009405,4637129,1,1512198979
1910,1009405,4504384,1,1512224333
1911,1009405,5017319,1,1512224357
1912,1009405,3529591,1,1512224401
1913,1009405,2409359,1,1512300916
1914,1010419,1790291,3,1512176832
1915,1010419,1790291,1,1512177366
1916,1010419,387124,1,1512193702
1917,1010419,387124,1,1512193731
1918,1010419,2899024,1,1512227523
1919,1010419,3276674,1,1512227557
1920,1010419,3148234,1,1512231361
1921,1010419,2119419,1,1512296880
1922,1010419,518766,1,1512297516
1923,1010419,2279428,1,1512298042
1924,1010419,1756541,1,1512298226
1925,1010419,3746482,1,1512298248
1926,1010419,1790291,1,1512298321
1927,1010419,1209705,1,1512299336
1928,1010419,1355688,1,1512299667
1929,1010419,518766,1,1512306789
1930,1010419,387124,1,1512310975
1931,1010419,2465533,1,1512313489
1932,1010419,518766,1,1511626117
1933,1010419,518766,1,1511680055
1934,1010419,518766,1,1511691629
1935,1010419,518766,1,1511691688
1936,1010419,3066300,1,1511709866
1937,1010419,387124,1,1511740289
1938,1010419,4517152,1,1511740315
1939,1010419,1479253,1,1511740458
1940,1010419,1952529,1,1511740473
1941,1010419,219239,1,1511740489
1942,1010419,2929432,1,1511740790
1943,1010419,2596902,1,1511740967
1944,1010419,2911638,1,1511741303
1945,1010419,726505,1,1511741947
1946,1010419,3805780,1,1511742001
1947,1010419,3148234,3,1511742354
1948,1010419,3746482,1,1511799852
1949,1010419,518766,1,1511800134
1950,1010419,4676678,1,1511882970
1951,1010419,1645054,1,1511906274
1952,1010419,2374520,1,1511906664
1953,1010419,267026,1,1511906896
1954,1010419,3066300,1,1511909130
1955,1010419,2521928,1,1511909973
1956,1010419,3850423,1,1511910489
1957,1010419,3850423,1,1511910495
1958,1010419,3850423,1,1511910545
1959,1010419,5080877,1,1511910745
1960,1010419,4313336,3,1511911040
1961,1010419,518766,1,1511911777
1962,1010419,3743124,1,1511911800
1963,1010419,518766,1,1511912437
1964,1010419,518766,1,1511912495
1965,1010419,387124,1,1511998617
1966,1010419,2708797,1,1511998717
1967,1010419,3066300,1,1512054180
1968,1010419,2787831,1,1512054662
1969,1010419,4211339,1,1512054907
1970,1010419,6311,1,1512084610
1971,1010419,1855687,1,1512086544
1972,1010419,3374210,1,1512086877
1973,1010419,518766,1,1512086906
1974,1010419,3148234,1,1512086968
1975,1010419,4903160,1,1512145341
1976,1010419,1501412,1,1512145474
1977,1010419,4792276,1,1512146138
1978,1010419,563665,1,1512146201
1979